Datos 1:Tiempo(s),Datos 1:X campo magnetico(mT),Datos 1:Sensor de energia de voltaje(V),Datos 1:Sensor de energia de corriente(mA),Datos 1:Resistencia(Ω),Datos 1:Potencia(mW),Datos 1:Energia(J),ajuste 2:Tiempo(s),ajuste 2:X campo magnetico(mT),ajuste 2:Sensor de energia de voltaje(V),ajuste 2:Sensor de energia de corriente(mA),ajuste 2:Resistencia(Ω),ajuste 2:Potencia(mW),ajuste 2:Energia(J),ajuste 3:Tiempo(s),ajuste 3:X campo magnetico(mT),ajuste 3:Sensor de energia de voltaje(V),ajuste 3:Sensor de energia de corriente(mA),ajuste 3:Resistencia(Ω),ajuste 3:Potencia(mW),ajuste 3:Energia(J),ajuste 4:Tiempo(s),ajuste 4:X campo magnetico(mT),ajuste 4:Sensor de energia de voltaje(V),ajuste 4:Sensor de energia de corriente(mA),ajuste 4:Resistencia(Ω),ajuste 4:Potencia(mW),ajuste 4:Energia(J),ajuste 5:Tiempo(s),ajuste 5:X campo magnetico(mT),ajuste 5:Sensor de energia de voltaje(V),ajuste 5:Sensor de energia de corriente(mA),ajuste 5:Resistencia(Ω),ajuste 5:Potencia(mW),ajuste 5:Energia(J),ajuste 6:Tiempo(s),ajuste 6:X campo magnetico(mT),ajuste 6:Sensor de energia de voltaje(V),ajuste 6:Sensor de energia de corriente(mA),ajuste 6:Resistencia(Ω),ajuste 6:Potencia(mW),ajuste 6:Energia(J),ajuste 7:Tiempo(s),ajuste 7:X campo magnetico(mT),ajuste 7:Sensor de energia de voltaje(V),ajuste 7:Sensor de energia de corriente(mA),ajuste 7:Resistencia(Ω),ajuste 7:Potencia(mW),ajuste 7:Energia(J),ajuste 8:Tiempo(s),ajuste 8:X campo magnetico(mT),ajuste 8:Sensor de energia de voltaje(V),ajuste 8:Sensor de energia de corriente(mA),ajuste 8:Resistencia(Ω),ajuste 8:Potencia(mW),ajuste 8:Energia(J)
0.00,0.02,10.08,-5.3,-1900.0,-53.5,0.00,0.00,3.08,11.10,-843.1,-13.2,-9357.8,0.00,0.00,0.02,10.05,-5.3,-1893.5,-53.3,0.00,0.00,0.02,9.74,-1.6,-5996.9,-15.8,0.00,0.00,3.11,10.67,-858.3,-12.4,-9161.7,0.00,0.00,0.02,9.61,-1.1,-8636.3,-10.7,0.00,0.00,3.25,10.69,-901.2,-11.9,-9635.5,0.00,0.00,0.02,9.73,-3.7,-2602.1,-36.3,0.00
0.05,0.02,10.05,-5.8,-1726.8,-58.5,-0.00,0.05,3.08,11.15,-843.1,-13.2,-9400.7,-0.47,0.05,0.02,9.84,-5.8,-1691.8,-57.3,-0.00,0.05,0.02,9.67,-1.1,-8697.9,-10.8,-0.00,0.05,3.11,10.62,-858.3,-12.4,-9118.0,-0.46,0.05,0.02,9.66,-1.1,-8682.0,-10.7,-0.00,0.05,3.25,10.76,-901.2,-11.9,-9696.4,-0.48,0.05,0.02,9.73,-3.2,-3045.6,-31.1,-0.00
0.10,0.02,10.06,-5.8,-1729.7,-58.6,-0.01,0.10,3.08,10.91,-843.1,-12.9,-9200.2,-0.93,0.10,0.02,10.00,-5.3,-1883.9,-53.0,-0.01,0.10,0.02,9.62,-2.2,-4437.4,-20.9,-0.00,0.10,3.11,10.71,-858.3,-12.5,-9191.1,-0.91,0.10,0.02,9.69,-1.6,-5965.6,-15.7,-0.00,0.10,3.25,10.73,-900.6,-11.9,-9660.0,-0.97,0.10,0.01,9.67,-3.2,-3029.7,-30.9,-0.00
0.15,0.02,10.10,-5.3,-1903.1,-53.6,-0.01,0.15,3.08,11.10,-843.1,-13.2,-9357.8,-1.40,0.15,0.02,9.95,-4.8,-2088.6,-47.4,-0.01,0.15,0.01,9.73,-1.6,-5986.7,-15.8,-0.00,0.15,3.11,10.64,-857.8,-12.4,-9127.7,-1.37,0.15,0.02,9.66,-1.6,-5944.5,-15.7,-0.00,0.15,3.25,10.76,-900.6,-11.9,-9690.8,-1.45,0.15,0.02,9.74,-3.2,-3050.9,-31.1,-0.00
0.20,0.02,10.05,-5.3,-1893.5,-53.3,-0.01,0.20,3.08,11.05,-843.6,-13.1,-9320.6,-1.86,0.20,0.02,10.00,-4.8,-2099.3,-47.6,-0.01,0.20,0.02,9.64,-1.6,-5934.2,-15.7,-0.00,0.20,3.11,10.66,-857.8,-12.4,-9141.9,-1.83,0.20,0.02,9.66,-1.1,-8682.0,-10.7,-0.00,0.20,3.25,10.67,-901.2,-11.8,-9619.6,-1.93,0.20,0.02,9.67,-3.7,-2588.5,-36.2,-0.01
0.25,0.02,10.06,-5.3,-1896.7,-53.4,-0.01,0.25,3.08,10.98,-843.1,-13.0,-9257.1,-2.33,0.25,0.02,10.00,-4.8,-2099.3,-47.6,-0.01,0.25,0.02,9.66,-1.1,-8682.0,-10.7,-0.00,0.25,3.11,10.69,-858.8,-12.5,-9182.3,-2.29,0.25,0.01,9.74,-1.1,-8758.6,-10.8,-0.00,0.25,3.25,10.73,-855.1,-12.5,-9171.7,-2.40,0.25,0.02,9.69,-3.2,-3034.9,-30.9,-0.01
0.30,0.02,10.00,-5.3,-1883.9,-53.0,-0.02,0.30,3.08,11.08,-843.1,-13.1,-9342.9,-2.79,0.30,0.02,10.00,-4.8,-2099.3,-47.6,-0.02,0.30,0.02,9.73,-1.1,-8743.7,-10.8,-0.00,0.30,3.11,10.74,-857.8,-12.5,-9215.0,-2.75,0.30,0.02,9.67,-0.6,-16122.8,-5.8,-0.00,0.30,3.25,10.47,-735.3,-14.2,-7699.4,-2.83,0.30,0.02,9.66,-3.2,-3024.2,-30.8,-0.01
0.35,0.02,10.00,-5.3,-1883.9,-53.0,-0.02,0.35,3.08,11.10,-843.1,-13.2,-9357.8,-3.26,0.35,0.02,9.95,-5.3,-1874.3,-52.8,-0.02,0.35,0.02,9.73,-1.1,-8743.7,-10.8,-0.00,0.35,3.11,10.61,-824.3,-12.9,-8743.1,-3.20,0.35,0.02,9.54,-1.1,-8575.6,-10.6,-0.00,0.35,3.10,10.35,-581.4,-17.8,-6019.4,-3.17,0.35,0.02,9.69,-3.2,-3034.9,-30.9,-0.01
0.40,0.02,9.98,-5.3,-1880.8,-53.0,-0.02,0.40,3.08,11.17,-843.1,-13.2,-9414.7,-3.73,0.40,0.02,10.00,-4.8,-2099.3,-47.6,-0.02,0.40,0.02,9.79,-2.2,-4515.5,-21.2,-0.01,0.40,3.11,10.51,-670.9,-15.7,-7048.2,-3.59,0.40,0.02,9.56,-1.1,-8590.5,-10.6,-0.00,0.40,2.69,10.10,-340.7,-29.6,-3440.7,-3.40,0.40,0.02,9.78,-3.2,-3061.6,-31.2,-0.01
0.45,0.02,10.00,-5.8,-1718.1,-58.2,-0.02,0.45,3.08,11.10,-843.1,-13.2,-9357.8,-4.20,0.45,0.02,9.93,-5.8,-1706.5,-57.8,-0.02,0.45,0.02,9.69,-1.6,-5965.6,-15.7,-0.01,0.45,3.01,10.17,-418.2,-24.3,-4250.9,-3.87,0.45,0.01,9.61,-14.7,-652.7,-141.4,-0.01,0.45,2.15,9.73,-148.2,-65.6,-1440.9,-3.53,0.45,0.02,9.74,-3.2,-3050.9,-31.1,-0.01
0.50,0.02,10.08,-5.3,-1900.0,-53.5,-0.03,0.50,3.08,11.00,-843.6,-13.0,-9277.6,-4.67,0.50,0.02,9.88,-5.3,-1861.6,-52.4,-0.03,0.50,0.02,9.69,-1.1,-8712.8,-10.8,-0.01,0.50,2.40,9.86,-89.0,-110.8,-877.8,-4.00,0.50,0.02,9.66,-37.2,-259.4,-359.5,-0.02,0.50,1.28,9.69,-1.1,-8712.8,-10.8,-3.56,0.50,0.02,9.66,-2.7,-3602.0,-25.9,-0.02
0.55,0.02,10.01,-5.8,-1720.9,-58.3,-0.03,0.55,3.08,11.10,-843.6,-13.2,-9363.5,-5.13,0.55,0.02,9.95,-5.8,-1709.3,-57.9,-0.03,0.55,0.02,9.73,-1.6,-5986.7,-15.8,-0.01,0.55,1.43,9.69,-4.2,-2280.4,-41.2,-4.02,0.55,0.07,9.61,-48.2,-199.3,-463.1,-0.04,0.55,0.57,9.66,-1.6,-5944.5,-15.7,-3.56,0.55,0.02,9.66,-3.2,-3024.2,-30.8,-0.02
0.60,0.02,9.95,-5.3,-1874.3,-52.8,-0.03,0.60,3.08,10.98,-843.1,-13.0,-9257.1,-5.60,0.60,0.02,9.95,-4.8,-2088.6,-47.4,-0.03,0.60,0.02,9.73,-1.6,-5986.7,-15.8,-0.01,0.60,0.26,9.62,-3.7,-2574.9,-36.0,-4.03,0.60,0.15,9.56,-53.4,-178.9,-510.5,-0.07,0.60,0.02,9.67,-1.6,-5955.3,-15.7,-3.56,0.60,0.01,9.73,-3.2,-3045.6,-31.1,-0.02
0.65,0.02,10.00,-5.3,-1883.9,-53.0,-0.04,0.65,3.08,10.91,-843.6,-12.9,-9205.8,-6.06,0.65,0.02,10.05,-5.3,-1893.5,-53.3,-0.03,0.65,0.02,9.78,-1.6,-6018.0,-15.9,-0.01,0.65,0.02,9.64,-4.8,-2024.4,-45.9,-4.03,0.65,0.20,9.69,-59.7,-162.2,-578.9,-0.09,0.65,0.02,9.66,-1.6,-5944.5,-15.7,-3.57,0.65,0.02,9.71,-3.2,-3040.1,-31.0,-0.02
0.70,0.02,10.06,-5.3,-1896.7,-53.4,-0.04,0.70,3.08,10.95,-843.1,-13.0,-9229.1,-6.52,0.70,0.02,9.95,-5.3,-1874.3,-52.8,-0.04,0.70,0.02,9.67,-1.6,-5955.3,-15.7,-0.01,0.70,0.02,9.62,-4.2,-2264.5,-40.9,-4.03,0.70,0.22,9.71,-72.8,-133.4,-706.6,-0.13,0.70,0.02,9.64,-1.1,-8667.1,-10.7,-3.57,0.70,0.01,9.69,-3.2,-3034.9,-30.9,-0.02
0.75,0.02,10.05,-5.3,-1893.5,-53.3,-0.04,0.75,3.08,11.07,-843.1,-13.1,-9328.9,-6.98,0.75,0.02,9.89,-5.3,-1864.8,-52.5,-0.04,0.75,0.01,9.69,-7.9,-1226.8,-76.6,-0.01,0.75,0.02,9.66,-4.8,-2027.9,-46.0,-4.03,0.75,0.24,9.66,-84.8,-113.8,-819.2,-0.16,0.75,0.02,9.66,-1.1,-8682.0,-10.7,-3.57,0.75,0.01,9.66,-3.2,-3024.2,-30.8,-0.02
0.80,0.02,10.00,-5.8,-1718.1,-58.2,-0.04,0.80,3.08,10.96,-843.1,-13.0,-9243.1,-7.45,0.80,0.02,10.05,-5.3,-1893.5,-53.3,-0.04,0.80,0.01,9.79,-16.3,-601.3,-159.5,-0.02,0.80,0.01,9.71,-3.7,-2597.4,-36.3,-4.04,0.80,0.29,9.73,-102.1,-95.2,-993.1,-0.21,0.80,0.02,9.62,-1.1,-8652.1,-10.7,-3.57,0.80,0.02,9.74,-3.2,-3050.9,-31.1,-0.02
0.85,0.02,9.96,-5.8,-1712.2,-58.0,-0.05,0.85,3.08,11.10,-843.1,-13.2,-9357.8,-7.91,0.85,0.02,10.05,-5.8,-1726.8,-58.5,-0.04,0.85,0.03,9.83,-30.4,-323.2,-298.8,-0.03,0.85,0.02,9.69,-4.8,-2035.1,-46.1,-4.04,0.85,0.33,9.73,-113.1,-86.0,-1099.9,-0.26,0.85,0.02,9.74,-1.1,-8758.6,-10.8,-3.57,0.85,0.02,9.74,-27.8,-350.7,-270.6,-0.03
0.90,0.02,9.96,-5.3,-1877.5,-52.9,-0.05,0.90,3.08,11.08,-843.1,-13.1,-9342.9,-8.38,0.90,0.02,10.01,-4.8,-2102.7,-47.7,-0.05,0.90,0.08,9.73,-43.5,-223.6,-423.0,-0.05,0.90,0.02,9.66,-4.8,-2027.9,-46.0,-4.04,0.90,0.40,9.79,-126.2,-77.6,-1235.5,-0.32,0.90,0.02,9.73,-1.1,-8743.7,-10.8,-3.57,0.90,0.02,9.74,-40.9,-238.3,-398.2,-0.05
0.95,0.02,9.98,-4.8,-2095.8,-47.5,-0.05,0.95,3.08,11.08,-843.6,-13.1,-9348.6,-8.85,0.95,0.02,9.91,-5.3,-1867.9,-52.6,-0.05,0.95,0.12,9.81,-68.1,-144.1,-667.9,-0.08,0.95,0.01,9.71,-3.7,-2597.4,-36.3,-4.04,0.95,0.44,9.73,-134.5,-72.3,-1308.5,-0.38,0.95,0.02,9.59,-1.1,-8621.3,-10.7,-3.57,0.95,0.12,9.78,-44.0,-222.1,-430.3,-0.07
1.00,0.02,10.00,-5.3,-1883.9,-53.0,-0.05,1.00,3.08,11.05,-843.6,-13.1,-9320.6,-9.32,1.00,0.02,10.00,-5.3,-1883.9,-53.0,-0.05,1.00,0.18,9.81,-90.6,-108.3,-888.7,-0.11,1.00,0.02,9.67,-3.7,-2588.5,-36.2,-4.04,1.00,0.49,9.79,-142.9,-68.5,-1399.8,-0.45,1.00,0.02,9.67,-1.1,-8697.9,-10.8,-3.57,1.00,0.17,9.84,-44.6,-220.9,-438.6,-0.09
1.05,0.02,10.01,-5.3,-1887.1,-53.1,-0.06,1.05,3.08,11.03,-843.1,-13.1,-9300.0,-9.78,1.05,0.02,10.03,-5.3,-1890.4,-53.2,-0.05,1.05,0.27,9.79,-106.3,-92.1,-1040.8,-0.16,1.05,0.02,9.69,-3.7,-2593.0,-36.2,-4.05,1.05,0.53,9.79,-148.2,-66.1,-1450.9,-0.52,1.05,0.02,9.71,-1.1,-8727.8,-10.8,-3.57,1.05,0.17,9.73,-44.0,-221.0,-428.0,-0.11
1.10,0.02,10.06,-5.3,-1896.7,-53.4,-0.06,1.10,3.08,11.07,-843.1,-13.1,-9328.9,-10.25,1.10,0.02,9.98,-5.8,-1715.2,-58.1,-0.06,1.10,0.35,9.88,-116.2,-85.0,-1148.2,-0.22,1.10,0.01,9.73,-4.2,-2288.5,-41.3,-4.05,1.10,0.56,9.84,-149.7,-65.7,-1473.8,-0.59,1.10,0.02,9.73,-1.1,-8743.7,-10.8,-3.57,1.10,0.17,9.74,-43.5,-224.0,-423.8,-0.13
1.15,0.02,10.08,-5.3,-1900.0,-53.5,-0.06,1.15,3.08,11.10,-843.1,-13.2,-9357.8,-10.71,1.15,0.02,9.96,-5.3,-1877.5,-52.9,-0.06,1.15,0.41,9.86,-130.9,-75.3,-1290.7,-0.28,1.15,0.01,9.74,-3.7,-2606.6,-36.4,-4.05,1.15,0.57,9.83,-159.7,-61.5,-1569.2,-0.67,1.15,0.02,9.73,-1.1,-8743.7,-10.8,-3.57,1.15,0.17,9.79,-44.6,-219.8,-436.3,-0.16
1.20,0.02,10.01,-5.8,-1720.9,-58.3,-0.07,1.20,3.08,11.07,-843.1,-13.1,-9328.9,-11.18,1.20,0.02,10.00,-4.8,-2099.3,-47.6,-0.06,1.20,0.46,9.79,-141.9,-69.0,-1389.4,-0.35,1.20,0.02,9.66,-4.2,-2272.4,-41.0,-4.05,1.20,0.58,9.78,-163.8,-59.7,-1601.8,-0.75,1.20,0.02,9.66,-1.1,-8682.0,-10.7,-3.57,1.20,0.17,9.78,-48.7,-200.7,-476.3,-0.18
1.25,0.02,9.91,-5.3,-1867.9,-52.6,-0.07,1.25,3.08,11.00,-843.1,-13.0,-9272.0,-11.65,1.25,0.02,10.01,-5.3,-1887.1,-53.1,-0.07,1.25,0.52,9.88,-159.7,-61.9,-1577.3,-0.42,1.25,0.02,9.73,-4.2,-2288.5,-41.3,-4.05,1.25,0.62,9.86,-163.3,-60.4,-1610.5,-0.83,1.25,0.02,9.69,-1.6,-5965.6,-15.7,-3.57,1.25,0.17,9.69,-52.9,-183.2,-512.8,-0.20
1.30,0.02,10.05,-5.3,-1893.5,-53.3,-0.07,1.30,3.08,11.12,-843.6,-13.2,-9377.5,-12.11,1.30,0.02,9.96,-5.3,-1877.5,-52.9,-0.07,1.30,0.56,9.86,-191.6,-51.5,-1889.2,-0.51,1.30,0.02,9.66,-3.7,-2583.8,-36.1,-4.06,1.30,0.63,9.76,-163.8,-59.6,-1598.9,-0.91,1.30,0.02,9.71,-1.1,-8727.8,-10.8,-3.57,1.30,0.19,9.81,-57.6,-170.3,-565.2,-0.23
1.35,0.02,10.00,-5.3,-1883.9,-53.0,-0.07,1.35,3.08,11.10,-843.1,-13.2,-9357.8,-12.58,1.35,0.02,10.01,-5.3,-1887.1,-53.1,-0.07,1.35,0.61,9.95,-217.2,-45.8,-2160.6,-0.61,1.35,0.02,9.78,-4.8,-2053.0,-46.6,-4.06,1.35,0.63,9.83,-173.3,-56.7,-1702.9,-0.99,1.35,0.02,9.79,-1.6,-6028.2,-15.9,-3.57,1.35,0.21,9.83,-62.9,-156.3,-617.8,-0.26
1.40,0.02,9.88,-5.3,-1861.6,-52.4,-0.08,1.40,3.08,11.05,-843.6,-13.1,-9320.6,-13.05,1.40,0.02,10.05,-4.8,-2109.9,-47.8,-0.07,1.40,0.73,9.96,-229.3,-43.5,-2284.1,-0.72,1.40,0.02,9.74,-3.7,-2606.6,-36.4,-4.06,1.40,0.63,9.96,-192.1,-51.9,-1913.8,-1.08,1.40,0.02,9.73,-1.1,-8743.7,-10.8,-3.57,1.40,0.22,9.74,-70.7,-137.8,-688.9,-0.29
1.45,0.02,9.95,-5.3,-1874.3,-52.8,-0.08,1.45,3.08,11.00,-843.6,-13.0,-9277.6,-13.51,1.45,0.02,9.91,-4.8,-2081.4,-47.2,-0.08,1.45,0.83,9.95,-238.1,-41.8,-2368.5,-0.83,1.45,0.01,9.73,-3.7,-2602.1,-36.3,-4.06,1.45,0.67,9.91,-210.4,-47.1,-2085.5,-1.18,1.45,0.02,9.73,-1.6,-5986.7,-15.8,-3.57,1.45,0.24,9.79,-88.0,-111.3,-861.5,-0.33
1.50,0.02,9.95,-5.3,-1874.3,-52.8,-0.08,,,,,,,,1.50,0.02,10.00,-5.3,-1883.9,-53.0,-0.08,1.50,0.87,9.96,-243.9,-40.8,-2429.9,-0.95,1.50,0.02,9.69,-4.2,-2280.4,-41.2,-4.06,1.50,0.75,9.79,-218.8,-44.8,-2142.8,-1.29,1.50,0.02,9.73,-1.1,-8743.7,-10.8,-3.58,1.50,0.27,9.67,-98.4,-98.3,-952.3,-0.38
1.55,0.02,10.00,-5.3,-1883.9,-53.0,-0.08,,,,,,,,1.55,0.02,9.96,-4.8,-2092.1,-47.4,-0.08,1.55,0.91,10.08,-259.1,-38.9,-2612.0,-1.08,1.55,0.02,9.67,-3.7,-2588.5,-36.2,-4.06,1.55,0.81,9.88,-227.2,-43.5,-2243.9,-1.40,1.55,0.02,9.69,-1.1,-8712.8,-10.8,-3.58,1.55,0.35,9.78,-105.8,-92.4,-1034.0,-0.43
1.60,0.02,10.03,-5.8,-1724.0,-58.4,-0.09,,,,,,,,1.60,0.02,10.00,-17.9,-559.8,-178.5,-0.09,1.60,0.94,10.00,-275.3,-36.3,-2752.2,-1.21,1.60,0.02,9.74,-3.7,-2606.6,-36.4,-4.07,1.60,0.84,9.95,-234.0,-42.5,-2327.1,-1.51,1.60,0.02,9.73,-1.1,-8743.7,-10.8,-3.58,1.60,0.39,9.81,-115.2,-85.2,-1129.9,-0.48
1.65,0.02,9.98,-5.3,-1880.8,-53.0,-0.09,,,,,,,,1.65,0.02,10.01,-26.2,-382.0,-262.5,-0.10,1.65,1.00,10.01,-289.4,-34.6,-2898.1,-1.36,1.65,0.02,9.74,-4.8,-2045.8,-46.4,-4.07,1.65,0.87,9.91,-248.1,-39.9,-2459.0,-1.63,1.65,0.02,9.73,-1.1,-8743.7,-10.8,-3.58,1.65,0.41,9.79,-122.0,-80.3,-1194.7,-0.54
1.70,0.02,10.00,-5.3,-1883.9,-53.0,-0.09,,,,,,,,1.70,0.06,9.96,-36.7,-271.6,-365.4,-0.11,1.70,1.05,10.01,-304.6,-32.9,-3050.1,-1.50,1.70,0.02,9.71,-4.8,-2038.6,-46.2,-4.07,1.70,0.90,9.95,-257.5,-38.6,-2561.1,-1.76,1.70,0.02,9.69,-1.1,-8712.8,-10.8,-3.58,1.70,0.45,9.88,-130.9,-75.5,-1293.0,-0.60
1.75,0.02,10.01,-4.8,-2102.7,-47.7,-0.09,,,,,,,,1.75,0.10,10.10,-43.5,-232.1,-439.3,-0.13,1.75,1.10,10.10,-314.6,-32.1,-3176.5,-1.66,1.75,0.02,9.69,-4.8,-2035.1,-46.1,-4.07,1.75,0.95,9.89,-274.3,-36.1,-2713.7,-1.89,1.75,0.01,9.67,-1.6,-5955.3,-15.7,-3.58,1.75,0.47,9.88,-138.7,-71.2,-1370.5,-0.67
1.80,0.02,10.06,-5.3,-1896.7,-53.4,-0.10,,,,,,,,1.80,0.14,9.93,-51.9,-191.5,-514.9,-0.16,1.80,1.16,10.00,-322.9,-31.0,-3228.1,-1.82,1.80,0.01,9.71,-4.2,-2284.3,-41.3,-4.08,1.80,0.98,9.96,-290.0,-34.4,-2888.8,-2.03,1.80,0.02,9.66,-1.6,-5944.5,-15.7,-3.58,1.80,0.51,9.88,-145.0,-68.1,-1432.5,-0.74
1.85,0.02,10.01,-17.9,-560.8,-178.8,-0.10,,,,,,,,1.85,0.17,10.06,-60.8,-165.6,-611.4,-0.18,1.85,1.20,10.00,-331.8,-30.1,-3317.0,-1.98,1.85,0.02,9.73,-4.8,-2042.3,-46.3,-4.08,1.85,1.05,9.93,-296.3,-33.5,-2941.5,-2.18,1.85,0.02,9.67,-1.1,-8697.9,-10.8,-3.58,1.85,0.53,9.86,-154.4,-63.9,-1522.7,-0.81
1.90,0.02,10.08,-27.3,-369.7,-274.9,-0.11,,,,,,,,1.90,0.20,10.03,-70.2,-143.0,-703.8,-0.22,1.90,1.23,10.06,-343.9,-29.3,-3460.6,-2.15,1.90,0.01,9.73,-4.2,-2288.5,-41.3,-4.08,1.90,1.10,9.91,-299.4,-33.1,-2967.3,-2.32,1.90,0.02,9.71,-1.1,-8727.8,-10.8,-3.58,1.90,0.56,9.89,-162.8,-60.8,-1611.0,-0.89
1.95,0.07,10.10,-39.3,-256.9,-396.9,-0.13,,,,,,,,1.95,0.24,10.05,-76.5,-131.4,-768.4,-0.25,1.95,1.26,10.13,-358.5,-28.3,-3632.7,-2.33,1.95,0.02,9.62,-4.2,-2264.5,-40.9,-4.08,1.95,1.13,9.96,-306.7,-32.5,-3055.6,-2.47,1.95,0.02,9.59,-1.1,-8621.3,-10.7,-3.58,1.95,0.59,9.81,-169.1,-58.0,-1658.7,-0.97
2.00,0.10,10.10,-51.3,-196.7,-518.5,-0.15,,,,,,,,2.00,0.27,10.01,-83.3,-120.3,-833.7,-0.29,2.00,1.31,10.18,-370.0,-27.5,-3768.3,-2.52,2.00,0.01,9.67,-4.8,-2031.6,-46.1,-4.08,2.00,1.14,9.98,-311.4,-32.0,-3108.0,-2.63,2.00,0.02,9.73,-1.6,-5986.7,-15.8,-3.58,2.00,0.62,9.91,-177.4,-55.9,-1758.7,-1.06
2.05,0.15,10.11,-69.1,-146.3,-699.4,-0.18,,,,,,,,2.05,0.29,10.01,-91.1,-109.9,-912.2,-0.34,2.05,1.36,10.15,-382.1,-26.6,-3877.8,-2.71,2.05,0.02,9.69,-3.7,-2593.0,-36.2,-4.09,2.05,1.17,10.03,-328.2,-30.6,-3291.8,-2.79,2.05,0.02,9.76,-1.1,-8773.5,-10.9,-3.58,2.05,0.64,9.88,-189.0,-52.3,-1866.7,-1.15
2.10,0.20,10.06,-84.8,-118.6,-853.7,-0.22,,,,,,,,2.10,0.32,10.01,-105.3,-95.1,-1053.9,-0.39,2.10,1.40,10.20,-398.3,-25.6,-4062.5,-2.91,2.10,0.02,9.67,-4.2,-2276.5,-41.1,-4.09,2.10,1.18,10.03,-342.8,-29.3,-3438.9,-2.96,2.10,0.02,9.79,-1.1,-8804.3,-10.9,-3.58,2.10,0.68,9.81,-210.4,-46.6,-2064.1,-1.25
2.15,0.28,10.22,-99.0,-103.2,-1011.2,-0.27,,,,,,,,2.15,0.35,10.15,-114.7,-88.5,-1163.8,-0.44,2.15,1.45,10.15,-410.9,-24.7,-4169.9,-3.11,2.15,0.02,9.74,-3.7,-2606.6,-36.4,-4.09,2.15,1.24,10.05,-365.3,-27.5,-3670.4,-3.13,2.15,0.02,9.78,-0.6,-16292.4,-5.9,-3.58,2.15,0.72,10.00,-218.3,-45.8,-2181.9,-1.35
2.20,0.33,10.20,-106.3,-96.0,-1084.1,-0.32,,,,,,,,2.20,0.40,10.05,-127.8,-78.6,-1283.7,-0.50,2.20,1.50,10.22,-432.8,-23.6,-4422.0,-3.33,2.20,0.02,9.66,-3.7,-2583.8,-36.1,-4.09,2.20,1.30,10.11,-385.2,-26.3,-3896.4,-3.32,2.20,0.02,9.64,-1.6,-5934.2,-15.7,-3.58,2.20,0.80,10.01,-226.1,-44.3,-2264.4,-1.46
2.25,0.38,10.22,-114.7,-89.1,-1171.5,-0.38,,,,,,,,2.25,0.44,10.00,-139.8,-71.5,-1397.2,-0.57,2.25,1.56,10.23,-443.3,-23.1,-4536.8,-3.55,2.25,0.02,9.66,-3.7,-2583.8,-36.1,-4.09,2.25,1.38,10.06,-402.5,-25.0,-4050.5,-3.52,2.25,0.02,9.73,-1.1,-8743.7,-10.8,-3.58,2.25,0.83,9.91,-234.0,-42.4,-2319.1,-1.58
2.30,0.41,10.13,-123.0,-82.4,-1246.5,-0.44,,,,,,,,2.30,0.49,10.06,-151.3,-66.5,-1522.6,-0.64,2.30,1.63,10.13,-445.9,-22.7,-4518.3,-3.78,2.30,0.02,9.67,-4.2,-2276.5,-41.1,-4.10,2.30,1.45,10.13,-414.0,-24.5,-4194.9,-3.73,2.30,0.02,9.73,-1.1,-8743.7,-10.8,-3.58,2.30,0.86,10.01,-237.6,-42.1,-2379.4,-1.70
2.35,0.44,10.15,-136.6,-74.3,-1386.7,-0.50,,,,,,,,2.35,0.54,10.15,-158.6,-64.0,-1609.9,-0.72,2.35,1.67,10.20,-447.5,-22.8,-4564.4,-4.00,2.35,0.02,9.73,-4.2,-2288.5,-41.3,-4.10,2.35,1.52,10.05,-421.3,-23.8,-4232.9,-3.94,2.35,0.02,9.73,-1.1,-8743.7,-10.8,-3.59,2.35,0.89,9.95,-243.9,-40.8,-2425.8,-1.82
2.40,0.47,10.18,-152.9,-66.6,-1556.6,-0.58,,,,,,,,2.40,0.57,10.13,-169.6,-59.7,-1718.5,-0.81,2.40,1.68,10.22,-453.2,-22.5,-4630.7,-4.23,2.40,0.02,9.71,-3.7,-2597.4,-36.3,-4.10,2.40,1.57,10.18,-434.4,-23.4,-4423.6,-4.16,2.40,0.02,9.73,-1.6,-5986.7,-15.8,-3.59,2.40,0.90,10.00,-252.8,-39.5,-2527.2,-1.94
2.45,0.53,10.15,-168.0,-60.4,-1705.4,-0.66,,,,,,,,2.45,0.60,10.13,-178.5,-56.8,-1808.7,-0.89,2.45,1.68,10.32,-460.0,-22.4,-4746.9,-4.47,2.45,0.02,9.67,-4.2,-2276.5,-41.1,-4.10,2.45,1.59,10.15,-443.3,-22.9,-4499.0,-4.38,2.45,0.02,9.64,-1.1,-8667.1,-10.7,-3.59,2.45,0.93,9.96,-263.8,-37.8,-2627.9,-2.07
2.50,0.59,10.30,-181.6,-56.7,-1871.2,-0.75,,,,,,,,2.50,0.64,10.08,-190.0,-53.1,-1915.8,-0.99,2.50,1.71,10.29,-467.4,-22.0,-4807.0,-4.71,2.50,0.02,9.78,-4.2,-2300.5,-41.5,-4.10,2.50,1.64,10.20,-459.5,-22.2,-4687.2,-4.61,2.50,0.02,9.69,-1.1,-8712.8,-10.8,-3.59,2.50,0.97,10.00,-271.1,-36.9,-2710.2,-2.20
2.55,0.65,10.30,-196.3,-52.5,-2022.3,-0.85,,,,,,,,2.55,0.68,10.17,-196.3,-51.8,-1995.6,-1.08,2.55,1.73,10.32,-472.1,-21.9,-4871.1,-4.95,2.55,0.02,9.76,-3.7,-2611.0,-36.5,-4.11,2.55,1.68,10.13,-469.4,-21.6,-4756.7,-4.84,2.55,0.02,9.73,-1.6,-5986.7,-15.8,-3.59,2.55,1.00,10.00,-275.8,-36.2,-2757.3,-2.34
2.60,0.70,10.18,-203.1,-50.1,-2068.2,-0.95,,,,,,,,2.60,0.72,10.18,-201.5,-50.5,-2052.2,-1.19,2.60,1.76,10.27,-472.6,-21.7,-4852.3,-5.19,2.60,0.01,9.67,-4.8,-2031.6,-46.1,-4.11,2.60,1.73,10.13,-487.2,-20.8,-4937.1,-5.09,2.60,0.02,9.73,-1.6,-5986.7,-15.8,-3.59,2.60,1.03,9.95,-280.0,-35.5,-2785.0,-2.48
2.65,0.75,10.30,-212.5,-48.5,-2189.5,-1.06,,,,,,,,2.65,0.74,10.17,-206.8,-49.2,-2102.0,-1.29,2.65,1.78,10.29,-472.6,-21.8,-4860.6,-5.43,2.65,0.01,9.73,-3.7,-2602.1,-36.3,-4.11,2.65,1.77,10.15,-498.8,-20.3,-5062.1,-5.34,2.65,0.02,9.66,-1.6,-5944.5,-15.7,-3.59,2.65,1.05,10.06,-284.2,-35.4,-2860.3,-2.62
2.70,0.78,10.32,-218.8,-47.2,-2257.8,-1.17,,,,,,,,2.70,0.77,10.22,-208.9,-48.9,-2133.8,-1.40,2.70,1.78,10.27,-472.6,-21.7,-4852.3,-5.68,2.70,0.02,9.69,-4.2,-2280.4,-41.2,-4.11,2.70,1.84,10.22,-515.5,-19.8,-5266.9,-5.60,2.70,0.01,9.81,-1.1,-8819.3,-10.9,-3.59,2.70,1.06,10.00,-286.8,-34.9,-2867.4,-2.76
2.75,0.81,10.35,-227.2,-45.6,-2351.8,-1.28,,,,,,,,2.75,0.79,10.23,-213.6,-47.9,-2185.6,-1.50,2.75,1.78,10.25,-472.6,-21.7,-4844.4,-5.92,2.75,0.02,9.61,-3.7,-2570.2,-35.9,-4.11,2.75,1.88,10.22,-522.8,-19.5,-5341.8,-5.86,2.75,0.02,9.71,-1.6,-5975.8,-15.8,-3.59,2.75,1.08,10.01,-290.5,-34.5,-2908.7,-2.91
2.80,0.83,10.29,-236.1,-43.6,-2428.0,-1.40,,,,,,,,2.80,0.80,10.15,-219.3,-46.3,-2225.9,-1.61,2.80,1.78,10.29,-472.6,-21.8,-4860.6,-6.16,2.80,0.02,9.61,-3.7,-2570.2,-35.9,-4.12,2.80,1.93,10.18,-537.5,-18.9,-5473.4,-6.13,2.80,0.02,9.61,-1.1,-8636.3,-10.7,-3.59,2.80,1.09,10.01,-302.5,-33.1,-3029.2,-3.05
2.85,0.87,10.34,-250.2,-41.3,-2585.9,-1.53,,,,,,,,2.85,0.82,10.20,-225.1,-45.3,-2295.9,-1.73,2.85,1.78,10.20,-472.6,-21.6,-4820.4,-6.40,2.85,0.02,9.67,-4.8,-2031.6,-46.1,-4.12,2.85,1.96,10.29,-542.7,-19.0,-5582.1,-6.41,2.85,0.02,9.73,-1.6,-5986.7,-15.8,-3.59,2.85,1.10,10.01,-311.4,-32.2,-3118.3,-3.21
2.90,0.91,10.45,-267.5,-39.1,-2796.3,-1.66,,,,,,,,2.90,0.84,10.18,-231.4,-44.0,-2356.0,-1.84,2.90,1.78,10.25,-473.1,-21.7,-4850.0,-6.65,2.90,0.01,9.76,-4.2,-2296.3,-41.5,-4.12,2.90,2.01,10.22,-552.1,-18.5,-5641.0,-6.69,2.90,0.01,9.67,-1.1,-8697.9,-10.8,-3.59,2.90,1.14,10.00,-320.3,-31.2,-3202.1,-3.37
2.95,0.97,10.39,-276.4,-37.6,-2870.7,-1.80,,,,,,,,2.95,0.86,10.15,-241.3,-42.1,-2449.1,-1.96,2.95,1.78,10.22,-473.6,-21.6,-4839.0,-6.89,2.95,0.02,9.69,-4.8,-2035.1,-46.1,-4.12,2.95,2.03,10.20,-556.3,-18.3,-5674.6,-6.97,2.95,0.02,9.66,-1.6,-5944.5,-15.7,-3.59,2.95,1.18,10.00,-329.2,-30.4,-3291.1,-3.53
3.00,1.02,10.42,-285.3,-36.5,-2972.6,-1.95,,,,,,,,3.00,0.88,10.35,-251.2,-41.2,-2601.0,-2.09,3.00,1.78,10.32,-473.6,-21.8,-4887.2,-7.13,3.00,0.02,9.74,-4.8,-2045.8,-46.4,-4.12,3.00,2.07,10.32,-567.8,-18.2,-5859.1,-7.26,3.00,0.02,9.66,-1.6,-5944.5,-15.7,-3.59,3.00,1.21,10.08,-332.9,-30.3,-3355.9,-3.69
3.05,1.05,10.37,-292.1,-35.5,-3028.4,-2.10,,,,,,,,3.05,0.92,10.29,-255.4,-40.3,-2627.2,-2.22,3.05,1.78,10.29,-503.5,-20.4,-5178.4,-7.38,3.05,0.02,9.66,-4.2,-2272.4,-41.0,-4.13,3.05,2.08,10.23,-582.0,-17.6,-5956.1,-7.55,3.05,0.02,9.62,-1.6,-5924.0,-15.6,-3.59,3.05,1.25,10.01,-338.6,-29.6,-3390.8,-3.86
3.10,1.08,10.35,-294.7,-35.1,-3050.8,-2.25,,,,,,,,3.10,0.96,10.32,-260.1,-39.7,-2684.2,-2.35,3.10,1.79,10.25,-532.8,-19.2,-5461.4,-7.65,3.10,0.02,9.74,-3.7,-2606.6,-36.4,-4.13,3.10,2.12,10.25,-611.3,-16.8,-6266.1,-7.86,3.10,0.02,9.67,-1.6,-5955.3,-15.7,-3.60,3.10,1.26,10.06,-340.2,-29.6,-3423.8,-4.03
3.15,1.10,10.42,-296.8,-35.1,-3092.3,-2.40,,,,,,,,3.15,0.98,10.35,-261.7,-39.6,-2709.4,-2.49,3.15,1.90,10.34,-543.8,-19.0,-5620.3,-7.93,3.15,0.02,9.67,-3.7,-2588.5,-36.2,-4.13,3.15,2.17,10.42,-630.1,-16.5,-6565.7,-8.18,3.15,0.02,9.61,-1.6,-5913.1,-15.6,-3.60,3.15,1.28,10.00,-341.8,-29.2,-3416.6,-4.20
3.20,1.12,10.37,-301.5,-34.4,-3126.0,-2.56,,,,,,,,3.20,0.99,10.23,-264.8,-38.6,-2710.5,-2.62,3.20,2.00,10.34,-562.6,-18.4,-5815.2,-8.21,3.20,0.02,9.73,-3.7,-2602.1,-36.3,-4.13,3.20,2.28,10.35,-653.7,-15.8,-6767.1,-8.51,3.20,0.02,9.62,-1.1,-8652.1,-10.7,-3.60,3.20,1.29,10.10,-344.9,-29.3,-3483.0,-4.38
3.25,1.13,10.37,-310.4,-33.4,-3218.3,-2.72,,,,,,,,3.25,1.00,10.29,-268.5,-38.3,-2761.9,-2.76,3.25,2.04,10.35,-575.2,-18.0,-5954.5,-8.51,3.25,0.02,9.74,-5.3,-1836.0,-51.7,-4.13,3.25,2.34,10.42,-668.8,-15.6,-6969.4,-8.86,3.25,0.02,9.69,-1.6,-5965.6,-15.7,-3.60,3.25,1.29,10.01,-352.8,-28.4,-3532.2,-4.55
3.30,1.15,10.57,-320.3,-33.0,-3386.8,-2.88,,,,,,,,3.30,1.01,10.29,-274.3,-37.5,-2820.8,-2.90,3.30,2.10,10.35,-589.3,-17.6,-6100.6,-8.81,3.30,0.02,9.74,-3.7,-2606.6,-36.4,-4.14,3.30,2.44,10.44,-691.9,-15.1,-7221.5,-9.21,3.30,0.02,9.64,-1.1,-8667.1,-10.7,-3.60,3.30,1.31,10.08,-363.7,-27.7,-3667.1,-4.73
3.35,1.18,10.40,-332.4,-31.3,-3457.8,-3.05,,,,,,,,3.35,1.02,10.23,-280.0,-36.5,-2865.8,-3.04,3.35,2.15,10.29,-593.5,-17.3,-6104.0,-9.11,3.35,0.02,9.78,-4.8,-2053.0,-46.6,-4.14,3.35,2.49,10.49,-715.9,-14.7,-7509.2,-9.58,3.35,0.02,9.67,-1.6,-5955.3,-15.7,-3.60,3.35,1.33,10.13,-370.0,-27.4,-3749.5,-4.92
3.40,1.22,10.42,-342.8,-30.4,-3572.4,-3.23,,,,,,,,3.40,1.04,10.35,-282.6,-36.6,-2926.1,-3.19,3.40,2.20,10.29,-608.1,-16.9,-6254.8,-9.42,3.40,0.01,9.74,-4.2,-2292.4,-41.4,-4.14,3.40,2.57,10.54,-736.9,-14.3,-7766.3,-9.96,3.40,0.02,9.66,-1.1,-8682.0,-10.7,-3.60,3.40,1.37,10.20,-374.2,-27.3,-3816.9,-5.11
3.45,1.26,10.39,-352.2,-29.5,-3658.8,-3.41,,,,,,,,3.45,1.06,10.32,-285.3,-36.2,-2943.5,-3.33,3.45,2.21,10.42,-613.4,-17.0,-6391.3,-9.74,3.45,0.02,,,,,,3.45,2.64,10.49,-758.3,-13.8,-7953.8,-10.36,3.45,0.02,9.57,-1.6,-5892.7,-15.6,-3.60,3.45,1.40,10.00,-377.3,-26.5,-3772.1,-5.30
3.50,1.30,10.44,-356.4,-29.3,-3720.5,-3.60,,,,,,,,3.50,1.07,10.32,-287.4,-35.9,-2965.0,-3.48,3.50,2.27,10.37,-624.9,-16.6,-6479.6,-10.06,,,,,,,,3.50,2.71,10.61,-769.3,-13.8,-8160.0,-10.76,3.50,0.02,9.69,-1.6,-5965.6,-15.7,-3.60,3.50,1.41,10.06,-382.1,-26.3,-3845.3,-5.49
3.55,1.33,10.51,-357.5,-29.4,-3755.3,-3.78,,,,,,,,3.55,1.08,10.39,-288.9,-36.0,-3001.0,-3.63,3.55,2.29,10.29,-632.2,-16.3,-6502.4,-10.38,,,,,,,,3.55,2.78,10.57,-776.1,-13.6,-8205.8,-11.17,3.55,0.01,9.61,-1.6,-5913.1,-15.6,-3.60,3.55,1.42,10.15,-386.2,-26.3,-3920.0,-5.68
3.60,1.35,10.51,-361.7,-29.0,-3799.3,-3.97,,,,,,,,3.60,1.09,10.30,-292.1,-35.3,-3008.7,-3.78,3.60,2.33,10.42,-642.1,-16.2,-6691.2,-10.71,,,,,,,,3.60,2.82,10.62,-779.8,-13.6,-8284.0,-11.58,3.60,0.02,9.66,-1.6,-5944.5,-15.7,-3.60,3.60,1.44,10.08,-397.3,-25.4,-4005.0,-5.88
3.65,1.35,10.54,-366.9,-28.7,-3867.1,-4.16,,,,,,,,3.65,1.09,10.37,-302.5,-34.3,-3137.0,-3.93,3.65,2.35,10.37,-654.7,-15.8,-6789.0,-11.05,,,,,,,,3.65,2.84,10.57,-786.0,-13.5,-8310.7,-11.99,3.65,0.02,9.69,-1.6,-5965.6,-15.7,-3.60,3.65,1.46,10.10,-402.5,-25.1,-4064.3,-6.08
3.70,1.37,10.51,-375.8,-28.0,-3947.7,-4.36,,,,,,,,3.70,1.11,10.34,-307.2,-33.6,-3175.6,-4.09,3.70,2.39,10.37,-656.3,-15.8,-6805.2,-11.39,,,,,,,,3.70,2.86,10.61,-796.5,-13.3,-8448.7,-12.41,3.70,0.02,9.73,-1.6,-5986.7,-15.8,-3.60,3.70,1.50,10.08,-407.2,-24.8,-4105.0,-6.29
3.75,1.39,10.42,-384.2,-27.1,-4003.1,-4.56,,,,,,,,3.75,1.14,10.35,-308.8,-33.5,-3196.9,-4.25,3.75,2.43,10.42,-663.6,-15.7,-6915.0,-11.73,,,,,,,,3.75,2.88,10.54,-804.4,-13.1,-8477.9,-12.84,3.75,0.02,9.73,-1.6,-5986.7,-15.8,-3.61,3.75,1.52,10.15,-410.9,-24.7,-4169.9,-6.49
3.80,1.43,10.45,-392.5,-26.6,-4103.6,-4.76,,,,,,,,3.80,1.16,10.35,-308.8,-33.5,-3196.9,-4.41,3.80,2.44,10.54,-673.0,-15.7,-7093.5,-12.08,,,,,,,,3.80,2.92,10.61,-818.0,-13.0,-8676.5,-13.27,3.80,0.01,9.71,-2.2,-4476.2,-21.1,-3.61,3.80,1.53,10.08,-414.5,-24.3,-4179.0,-6.70
3.85,1.46,10.44,-396.2,-26.3,-4135.5,-4.97,,,,,,,,3.85,1.17,10.37,-310.9,-33.4,-3224.0,-4.57,3.85,2.46,10.42,-679.8,-15.3,-7083.8,-12.44,,,,,,,,3.85,2.94,10.62,-824.8,-12.9,-8762.2,-13.70,3.85,0.02,9.74,-1.6,-5996.9,-15.8,-3.61,3.85,1.55,10.00,-420.3,-23.8,-4201.3,-6.91
3.90,1.48,10.59,-400.9,-26.4,-4245.8,-5.18,,,,,,,,3.90,1.17,10.27,-313.5,-32.8,-3218.9,-4.73,3.90,2.50,10.42,-689.8,-15.1,-7187.6,-12.80,,,,,,,,3.90,2.98,10.61,-836.3,-12.7,-8870.8,-14.14,3.90,0.02,9.66,-2.2,-4452.7,-20.9,-3.61,3.90,1.56,10.08,-425.0,-23.7,-4284.5,-7.12
3.95,1.50,10.54,-402.0,-26.2,-4236.5,-5.39,,,,,,,,3.95,1.18,10.51,-318.8,-33.0,-3348.7,-4.90,3.95,2.52,10.45,-703.9,-14.9,-7358.8,-13.16,,,,,,,,3.95,3.01,10.73,-844.7,-12.7,-9059.4,-14.59,3.95,0.02,9.64,-1.6,-5934.2,-15.7,-3.61,3.95,1.58,10.22,-430.7,-23.7,-4400.8,-7.34
4.00,1.52,10.54,-405.6,-26.0,-4275.0,-5.60,,,,,,,,4.00,1.19,10.40,-324.5,-32.1,-3376.2,-5.07,4.00,2.55,10.57,-716.4,-14.8,-7574.8,-13.53,,,,,,,,4.00,3.04,10.62,-851.5,-12.5,-9045.9,-15.04,4.00,0.02,9.73,-1.6,-5986.7,-15.8,-3.61,4.00,1.60,10.15,-437.0,-23.2,-4435.4,-7.56
4.05,1.52,10.62,-409.3,-26.0,-4348.3,-5.82,,,,,,,,4.05,1.21,10.45,-328.2,-31.9,-3430.8,-5.24,4.05,2.60,10.61,-728.0,-14.6,-7721.6,-13.91,,,,,,,,4.05,3.07,10.61,-862.5,-12.3,-9148.2,-15.50,4.05,0.02,9.66,-1.6,-5944.5,-15.7,-3.61,4.05,1.62,10.22,-441.7,-23.1,-4512.9,-7.78
4.10,1.53,10.44,-414.0,-25.2,-4321.3,-6.03,,,,,,,,4.10,1.23,10.42,-331.8,-31.4,-3457.6,-5.41,4.10,2.65,10.45,-737.9,-14.2,-7714.6,-14.30,,,,,,,,4.10,3.10,10.67,-873.4,-12.2,-9323.7,-15.96,4.10,0.02,9.73,-1.1,-8743.7,-10.8,-3.61,4.10,1.64,10.23,-445.4,-23.0,-4558.1,-8.01
4.15,1.55,10.47,-422.4,-24.8,-4422.5,-6.25,,,,,,,,4.15,1.25,10.35,-333.9,-31.0,-3457.1,-5.58,4.15,2.68,10.61,-740.5,-14.3,-7854.7,-14.69,,,,,,,,4.15,3.13,10.66,-881.8,-12.1,-9398.5,-16.43,4.15,0.02,9.78,-1.1,-8789.4,-10.9,-3.61,4.15,1.66,10.27,-453.2,-22.7,-4653.8,-8.24
4.20,1.57,10.54,-429.7,-24.5,-4528.8,-6.48,,,,,,,,4.20,1.26,10.35,-337.6,-30.7,-3494.9,-5.75,4.20,2.71,10.56,-747.3,-14.1,-7889.0,-15.08,,,,,,,,4.20,3.16,10.61,-887.0,-12.0,-9409.0,-16.90,4.20,0.02,9.66,-1.6,-5944.5,-15.7,-3.61,4.20,1.67,10.18,-460.0,-22.1,-4684.7,-8.47
4.25,1.60,10.49,-431.8,-24.3,-4528.7,-6.70,,,,,,,,4.25,1.27,10.42,-341.3,-30.5,-3556.0,-5.93,4.25,2.73,10.52,-757.3,-13.9,-7967.9,-15.48,,,,,,,,4.25,3.19,10.61,-891.7,-11.9,-9458.9,-17.37,4.25,0.01,9.74,-1.1,-8758.6,-10.8,-3.61,4.25,1.70,10.13,-465.3,-21.8,-4714.2,-8.71
4.30,1.62,10.61,-432.3,-24.5,-4585.6,-6.93,,,,,,,,4.30,1.28,10.51,-345.4,-30.4,-3628.8,-6.11,4.30,2.75,10.56,-773.0,-13.7,-8159.7,-15.88,,,,,,,,4.30,3.21,10.73,-897.0,-12.0,-9620.8,-17.85,4.30,0.02,9.67,-2.2,-4460.9,-21.0,-3.61,4.30,1.73,10.23,-467.9,-21.9,-4788.4,-8.95
4.35,1.63,10.52,-432.8,-24.3,-4554.2,-7.16,,,,,,,,4.35,1.29,10.51,-355.4,-29.6,-3733.4,-6.29,4.35,2.78,10.59,-784.5,-13.5,-8308.0,-16.30,,,,,,,,4.35,3.22,10.69,-898.6,-11.9,-9607.8,-18.33,4.35,0.02,9.67,-1.1,-8697.9,-10.8,-3.61,4.35,1.74,10.29,-476.3,-21.6,-4898.5,-9.19
4.40,1.63,10.62,-434.9,-24.4,-4620.3,-7.39,,,,,,,,4.40,1.31,10.44,-363.7,-28.7,-3796.6,-6.48,4.40,2.84,10.62,-788.2,-13.5,-8373.1,-16.71,,,,,,,,4.40,3.24,10.74,-901.2,-11.9,-9681.4,-18.81,4.40,0.02,9.69,-1.6,-5965.6,-15.7,-3.62,4.40,1.76,10.27,-482.0,-21.3,-4949.3,-9.44
4.45,1.63,10.59,-439.1,-24.1,-4650.3,-7.62,,,,,,,,4.45,1.34,10.45,-369.0,-28.3,-3857.6,-6.67,4.45,2.87,10.62,-792.9,-13.4,-8423.1,-17.13,,,,,,,,4.45,3.25,10.69,-900.6,-11.9,-9630.0,-19.29,4.45,0.02,9.74,-1.6,-5996.9,-15.8,-3.62,4.45,1.79,10.20,-484.6,-21.0,-4943.2,-9.68
4.50,1.64,10.62,-443.8,-23.9,-4714.9,-7.85,,,,,,,,4.50,1.38,10.49,-372.1,-28.2,-3903.1,-6.87,4.50,2.88,10.61,-797.1,-13.3,-8454.4,-17.55,,,,,,,,4.50,3.25,10.69,-901.2,-11.9,-9635.5,-19.77,,,,,,,,4.50,1.81,10.22,-487.8,-20.9,-4983.3,-9.93
4.55,1.66,10.57,-449.6,-23.5,-4753.2,-8.09,,,,,,,,4.55,1.39,10.45,-374.2,-27.9,-3912.1,-7.06,4.55,2.90,10.56,-799.1,-13.2,-8435.9,-17.98,,,,,,,,4.55,3.25,10.67,-900.6,-11.9,-9614.1,-20.26,,,,,,,,4.55,1.82,10.22,-496.7,-20.6,-5074.2,-10.18
4.60,1.67,10.61,-455.8,-23.3,-4835.2,-8.33,,,,,,,,4.60,1.41,10.35,-375.8,-27.6,-3890.3,-7.26,4.60,2.91,10.61,-801.2,-13.2,-8498.6,-18.40,,,,,,,,4.60,3.25,10.59,-900.6,-11.8,-9538.4,-20.73,,,,,,,,4.60,1.83,10.27,-502.9,-20.4,-5163.9,-10.44
4.65,1.69,10.61,-463.7,-22.9,-4918.4,-8.57,,,,,,,,4.65,1.41,10.45,-376.8,-27.7,-3939.6,-7.45,4.65,2.92,10.54,-804.9,-13.1,-8483.3,-18.82,,,,,,,,4.65,3.25,10.73,-900.6,-11.9,-9660.0,-21.21,,,,,,,,4.65,1.86,10.22,-506.6,-20.2,-5175.9,-10.70
4.70,1.72,10.66,-468.9,-22.7,-4998.0,-8.82,,,,,,,,4.70,1.42,10.42,-380.5,-27.4,-3964.7,-7.65,4.70,2.93,10.61,-808.5,-13.1,-8576.4,-19.25,,,,,,,,4.70,3.25,10.62,-900.6,-11.8,-9568.3,-21.69,,,,,,,,4.70,1.88,10.22,-516.5,-19.8,-5277.3,-10.96
4.75,1.75,10.67,-473.6,-22.5,-5056.0,-9.07,,,,,,,,4.75,1.42,10.45,-387.8,-27.0,-4054.4,-7.85,4.75,2.94,10.66,-813.8,-13.1,-8673.5,-19.68,,,,,,,,4.75,3.25,10.69,-900.6,-11.9,-9630.0,-22.17,,,,,,,,4.75,1.90,10.18,-522.3,-19.5,-5318.8,-11.22
4.80,1.77,10.67,-481.0,-22.2,-5134.2,-9.33,,,,,,,,4.80,1.44,10.47,-390.4,-26.8,-4088.3,-8.06,4.80,2.95,10.54,-824.8,-12.8,-8692.8,-20.12,,,,,,,,4.80,3.25,10.69,-900.6,-11.9,-9630.0,-22.66,,,,,,,,4.80,1.93,10.18,-523.9,-19.4,-5334.8,-11.49
4.85,1.79,10.69,-484.6,-22.1,-5181.8,-9.59,,,,,,,,4.85,1.47,10.39,-397.3,-26.1,-4126.3,-8.26,4.85,2.98,10.62,-830.5,-12.8,-8823.5,-20.55,,,,,,,,4.85,3.25,10.64,-900.6,-11.8,-9584.2,-23.14,,,,,,,,4.85,1.95,10.27,-525.4,-19.5,-5395.0,-11.76
4.90,1.81,10.62,-490.4,-21.7,-5209.8,-9.85,,,,,,,,4.90,1.48,10.54,-403.0,-26.2,-4247.3,-8.47,4.90,3.01,10.66,-838.9,-12.7,-8941.0,-21.00,,,,,,,,4.90,3.25,10.67,-900.1,-11.9,-9608.7,-23.62,,,,,,,,4.90,1.96,10.29,-529.6,-19.4,-5447.4,-12.03
4.95,1.82,10.67,-496.1,-21.5,-5296.2,-10.11,,,,,,,,4.95,1.50,10.40,-405.6,-25.6,-4219.8,-8.68,4.95,3.02,10.57,-844.7,-12.5,-8930.5,-21.44,,,,,,,,4.95,3.25,10.71,-900.6,-11.9,-9645.0,-24.10,,,,,,,,4.95,1.97,10.18,-536.5,-19.0,-5462.9,-12.30
5.00,1.84,10.59,-499.8,-21.2,-5293.1,-10.37,,,,,,,,5.00,1.52,10.54,-414.0,-25.5,-4363.4,-8.90,5.00,3.05,10.71,-848.9,-12.6,-9090.3,-21.90,,,,,,,,,,,,,,,,,,,,,,5.00,1.98,10.27,-543.2,-18.9,-5577.8,-12.58
5.05,1.87,10.62,-502.9,-21.1,-5343.1,-10.64,,,,,,,,5.05,1.53,10.45,-430.7,-24.3,-4503.2,-9.12,5.05,3.07,10.71,-849.9,-12.6,-9101.6,-22.35,,,,,,,,,,,,,,,,,,,,,,5.05,2.00,10.23,-551.6,-18.6,-5645.5,-12.86
5.10,1.88,10.54,-504.5,-20.9,-5317.3,-10.91,,,,,,,,5.10,1.56,10.37,-445.4,-23.3,-4618.2,-9.35,5.10,3.08,10.71,-849.9,-12.6,-9101.6,-22.81,,,,,,,,,,,,,,,,,,,,,,5.10,2.03,10.29,-556.8,-18.5,-5727.3,-13.14
5.15,1.89,10.62,-507.1,-20.9,-5387.6,-11.17,,,,,,,,5.15,1.63,10.57,-455.3,-23.2,-4814.2,-9.58,5.15,3.09,10.67,-850.9,-12.5,-9083.4,-23.26,,,,,,,,,,,,,,,,,,,,,,5.15,2.06,10.27,-560.5,-18.3,-5754.9,-13.43
5.20,1.89,10.62,-510.3,-20.8,-5421.0,-11.44,,,,,,,,5.20,1.68,10.59,-458.5,-23.1,-4855.4,-9.82,5.20,3.09,10.59,-850.9,-12.4,-9011.8,-23.71,,,,,,,,,,,,,,,,,,,,,,5.20,2.08,10.15,-565.7,-17.9,-5741.9,-13.72
5.25,1.90,10.64,-517.1,-20.6,-5502.5,-11.72,,,,,,,,5.25,1.71,10.51,-459.5,-22.9,-4827.5,-10.07,5.25,3.09,10.67,-856.2,-12.5,-9139.5,-24.17,,,,,,,,,,,,,,,,,,,,,,5.25,2.09,10.25,-571.5,-17.9,-5858.5,-14.01
5.30,1.92,10.74,-522.8,-20.5,-5617.1,-11.99,,,,,,,,5.30,1.73,10.52,-463.2,-22.7,-4873.5,-10.31,5.30,3.09,10.69,-855.6,-12.5,-9148.8,-24.62,,,,,,,,,,,,,,,,,,,,,,5.30,2.11,10.34,-575.7,-18.0,-5950.2,-14.30
5.35,1.94,10.73,-528.1,-20.3,-5663.8,-12.28,,,,,,,,5.35,1.73,10.42,-468.4,-22.2,-4881.1,-10.55,5.35,3.11,10.67,-855.6,-12.5,-9133.6,-25.08,,,,,,,,,,,,,,,,,,,,,,5.35,2.13,10.27,-577.2,-17.8,-5926.8,-14.60
5.40,1.97,10.74,-530.7,-20.2,-5701.3,-12.56,,,,,,,,5.40,1.75,10.42,-476.3,-21.9,-4962.8,-10.80,5.40,3.11,10.64,-855.6,-12.4,-9105.2,-25.54,,,,,,,,,,,,,,,,,,,,,,5.40,2.15,10.23,-580.4,-17.6,-5940.1,-14.90
5.45,1.98,10.73,-534.9,-20.1,-5736.6,-12.85,,,,,,,,5.45,1.77,10.45,-485.7,-21.5,-5077.5,-11.05,5.45,3.11,10.71,-855.6,-12.5,-9163.0,-25.99,,,,,,,,,,,,,,,,,,,,,,5.45,2.15,10.29,-587.7,-17.5,-6044.7,-15.20
5.50,1.99,10.81,-539.6,-20.0,-5833.4,-13.14,,,,,,,,5.50,1.79,10.45,-495.6,-21.1,-5181.6,-11.31,5.50,3.11,10.66,-856.2,-12.4,-9125.2,-26.45,,,,,,,,,,,,,,,,,,,,,,5.50,2.16,10.35,-594.0,-17.4,-6149.7,-15.50
5.55,2.01,10.74,-545.9,-19.7,-5864.4,-13.43,,,,,,,,5.55,1.83,10.57,-515.0,-20.5,-5444.8,-11.57,5.55,3.11,10.64,-856.2,-12.4,-9111.0,-26.91,,,,,,,,,,,,,,,,,,,,,,5.55,2.19,10.32,-599.7,-17.2,-6188.4,-15.81
5.60,2.02,10.79,-556.3,-19.4,-6005.1,-13.72,,,,,,,,5.60,1.86,10.61,-531.7,-19.9,-5640.0,-11.85,5.60,3.11,10.73,-856.2,-12.5,-9183.0,-27.36,,,,,,,,,,,,,,,,,,,,,,5.60,2.22,10.29,-608.6,-16.9,-6260.1,-16.12
5.65,2.05,10.88,-566.3,-19.2,-6159.9,-14.03,,,,,,,,5.65,1.93,10.61,-538.5,-19.7,-5712.3,-12.13,5.65,3.11,10.64,-856.7,-12.4,-9116.4,-27.82,,,,,,,,,,,,,,,,,,,,,,5.65,2.24,10.42,-614.9,-16.9,-6407.6,-16.44
5.70,2.09,10.83,-571.0,-19.0,-6182.0,-14.34,,,,,,,,5.70,2.00,10.61,-540.1,-19.6,-5729.0,-12.42,5.70,3.11,10.64,-856.2,-12.4,-9111.0,-28.28,,,,,,,,,,,,,,,,,,,,,,5.70,2.27,10.30,-618.1,-16.7,-6367.1,-16.76
5.75,2.12,10.81,-572.5,-18.9,-6189.5,-14.65,,,,,,,,5.75,2.02,10.67,-544.8,-19.6,-5815.7,-12.71,5.75,3.11,10.69,-855.6,-12.5,-9148.8,-28.73,,,,,,,,,,,,,,,,,,,,,,5.75,2.29,10.27,-622.8,-16.5,-6394.6,-17.07
5.80,2.14,10.73,-575.7,-18.6,-6174.4,-14.96,,,,,,,,5.80,2.03,10.59,-551.1,-19.2,-5836.3,-13.00,5.80,3.11,10.71,-856.2,-12.5,-9168.8,-29.19,,,,,,,,,,,,,,,,,,,,,,5.80,2.30,10.27,-628.0,-16.3,-6448.2,-17.40
5.85,2.14,10.73,-579.9,-18.5,-6219.4,-15.27,,,,,,,,5.85,2.04,10.61,-561.6,-18.9,-5956.5,-13.29,5.85,3.11,10.69,-855.6,-12.5,-9148.8,-29.65,,,,,,,,,,,,,,,,,,,,,,5.85,2.31,10.42,-636.9,-16.4,-6636.8,-17.72
5.90,2.16,10.69,-589.8,-18.1,-6306.6,-15.58,,,,,,,,5.90,2.06,10.66,-570.5,-18.7,-6079.9,-13.59,5.90,3.11,10.66,-856.2,-12.4,-9125.2,-30.11,,,,,,,,,,,,,,,,,,,,,,5.90,2.34,10.42,-643.2,-16.2,-6702.2,-18.06
5.95,2.17,10.76,-599.2,-18.0,-6447.7,-15.90,,,,,,,,5.95,2.10,10.64,-575.2,-18.5,-6120.5,-13.90,5.95,3.11,10.56,-855.6,-12.3,-9032.3,-30.56,,,,,,,,,,,,,,,,,,,,,,5.95,2.36,10.45,-649.0,-16.1,-6784.5,-18.39
6.00,2.21,10.74,-602.4,-17.8,-6471.4,-16.22,,,,,,,,6.00,2.14,10.62,-578.3,-18.4,-6143.7,-14.21,6.00,,10.74,-856.2,-12.5,-9198.1,-31.02,,,,,,,,,,,,,,,,,,,,,,6.00,2.39,10.45,-659.9,-15.8,-6899.3,-18.74
6.05,2.24,10.78,-605.5,-17.8,-6525.2,-16.55,,,,,,,,6.05,2.16,10.76,-579.9,-18.6,-6239.3,-14.52,,,,,,,,,,,,,,,,,,,,,,,,,,,,,6.05,2.41,10.34,-668.8,-15.5,-6913.1,-19.08
6.10,2.25,10.78,-608.6,-17.7,-6559.1,-16.87,,,,,,,,6.10,2.16,10.64,-585.1,-18.2,-6226.5,-14.83,,,,,,,,,,,,,,,,,,,,,,,,,,,,,6.10,2.45,10.42,-671.5,-15.5,-6996.7,-19.43
6.15,2.27,10.74,-612.8,-17.5,-6583.9,-17.20,,,,,,,,6.15,2.17,10.69,-594.0,-18.0,-6351.4,-15.14,,,,,,,,,,,,,,,,,,,,,,,,,,,,,6.15,2.48,10.42,-673.0,-15.5,-7013.1,-19.78
6.20,2.28,10.81,-618.6,-17.5,-6687.6,-17.53,,,,,,,,6.20,2.19,10.64,-609.2,-17.5,-6482.7,-15.46,,,,,,,,,,,,,,,,,,,,,,,,,,,,,6.20,2.49,10.42,-673.5,-15.5,-7018.4,-20.13
6.25,2.29,10.78,-623.3,-17.3,-6717.1,-17.87,,,,,,,,6.25,2.23,10.76,-618.6,-17.4,-6656.1,-15.79,,,,,,,,,,,,,,,,,,,,,,,,,,,,,6.25,2.49,10.42,-677.2,-15.4,-7056.8,-20.48
6.30,2.31,10.83,-627.0,-17.3,-6788.3,-18.21,,,,,,,,6.30,2.28,10.71,-621.7,-17.2,-6658.2,-16.12,,,,,,,,,,,,,,,,,,,,,,,,,,,,,6.30,2.49,10.42,-681.9,-15.3,-7105.8,-20.84
6.35,2.32,10.78,-630.6,-17.1,-6796.1,-18.55,,,,,,,,6.35,2.31,10.74,-624.4,-17.2,-6707.7,-16.46,,,,,,,,,,,,,,,,,,,,,,,,,,,,,6.35,2.50,10.35,-689.2,-15.0,-7135.4,-21.19
6.40,2.34,10.74,-634.8,-16.9,-6820.2,-18.89,,,,,,,,6.40,2.32,10.73,-626.4,-17.1,-6719.0,-16.79,,,,,,,,,,,,,,,,,,,,,,,,,,,,,6.40,2.52,10.52,-699.2,-15.0,-7356.8,-21.55
6.45,2.35,10.81,-638.0,-16.9,-6896.9,-19.23,,,,,,,,6.45,2.33,10.71,-632.7,-16.9,-6775.8,-17.13,,,,,,,,,,,,,,,,,,,,,,,,,,,,,6.45,2.54,10.54,-708.6,-14.9,-7468.4,-21.92
6.50,2.36,10.90,-646.8,-16.8,-7047.9,-19.58,,,,,,,,6.50,2.34,10.76,-640.6,-16.8,-6892.4,-17.47,,,,,,,,,,,,,,,,,,,,,,,,,,,,,6.50,2.58,10.54,-718.6,-14.7,-7573.3,-22.30
6.55,2.38,10.78,-655.7,-16.4,-7066.6,-19.93,,,,,,,,6.55,2.36,10.71,-644.2,-16.6,-6899.2,-17.82,,,,,,,,,,,,,,,,,,,,,,,,,,,,,6.55,2.61,10.51,-726.4,-14.5,-7631.1,-22.68
6.60,2.41,10.90,-661.0,-16.5,-7202.1,-20.29,,,,,,,,6.60,2.39,10.74,-649.0,-16.6,-6971.8,-18.16,,,,,,,,,,,,,,,,,,,,,,,,,,,,,6.60,2.65,10.45,-737.4,-14.2,-7708.9,-23.06
6.65,2.45,10.76,-663.1,-16.2,-7134.5,-20.65,,,,,,,,6.65,2.40,10.74,-662.6,-16.2,-7118.0,-18.52,,,,,,,,,,,,,,,,,,,,,,,,,,,,,6.65,2.68,10.45,-746.3,-14.0,-7801.9,-23.45
6.70,2.46,10.86,-664.1,-16.4,-7213.5,-21.00,,,,,,,,6.70,2.42,10.88,-677.2,-16.1,-7367.0,-18.88,,,,,,,,,,,,,,,,,,,,,,,,,,,,,6.70,2.71,10.59,-748.4,-14.2,-7925.8,-23.85
6.75,2.47,10.81,-666.8,-16.2,-7208.1,-21.36,,,,,,,,6.75,2.47,10.69,-687.7,-15.5,-7352.7,-19.25,,,,,,,,,,,,,,,,,,,,,,,,,,,,,6.75,2.74,10.47,-756.7,-13.8,-7924.0,-24.24
6.80,2.47,10.85,-670.9,-16.2,-7276.1,-21.73,,,,,,,,6.80,2.52,10.85,-688.7,-15.7,-7469.1,-19.62,,,,,,,,,,,,,,,,,,,,,,,,,,,,,6.80,2.75,10.59,-760.4,-13.9,-8053.0,-24.64
6.85,2.48,10.78,-679.3,-15.9,-7320.5,-22.09,,,,,,,,6.85,2.55,10.85,-693.4,-15.6,-7520.2,-19.99,,,,,,,,,,,,,,,,,,,,,,,,,,,,,6.85,2.78,10.59,-761.5,-13.9,-8064.2,-25.04
6.90,2.50,10.86,-689.8,-15.7,-7492.0,-22.46,,,,,,,,6.90,2.55,10.86,-703.9,-15.4,-7645.4,-20.37,,,,,,,,,,,,,,,,,,,,,,,,,,,,,6.90,2.79,10.62,-763.6,-13.9,-8111.9,-25.45
6.95,2.53,10.85,-697.6,-15.5,-7565.6,-22.84,,,,,,,,6.95,2.57,10.96,-713.3,-15.4,-7820.2,-20.76,,,,,,,,,,,,,,,,,,,,,,,,,,,,,6.95,2.79,10.47,-769.3,-13.6,-8055.4,-25.85
7.00,2.56,10.93,-702.8,-15.6,-7681.4,-23.22,,,,,,,,7.00,2.61,10.86,-721.2,-15.1,-7833.2,-21.15,,,,,,,,,,,,,,,,,,,,,,,,,,,,,7.00,2.80,10.59,-779.8,-13.6,-8258.1,-26.26
7.05,2.59,10.88,-708.1,-15.4,-7702.7,-23.60,,,,,,,,7.05,2.64,10.79,-724.8,-14.9,-7823.9,-21.54,,,,,,,,,,,,,,,,,,,,,,,,,,,,,7.05,2.82,10.61,-787.1,-13.5,-8348.8,-26.68
7.10,2.60,10.96,-712.3,-15.4,-7809.0,-23.99,,,,,,,,7.10,2.66,10.83,-727.5,-14.9,-7876.4,-21.93,,,,,,,,,,,,,,,,,,,,,,,,,,,,,7.10,2.85,10.54,-800.2,-13.2,-8433.7,-27.10
7.15,2.62,10.91,-714.9,-15.3,-7801.0,-24.38,,,,,,,,7.15,2.68,10.78,-730.0,-14.8,-7867.3,-22.33,,,,,,,,,,,,,,,,,,,,,,,,,,,,,7.15,2.88,10.56,-808.0,-13.1,-8529.8,-27.52
7.20,2.63,10.88,-719.1,-15.1,-7822.2,-24.77,,,,,,,,7.20,2.69,10.81,-732.2,-14.8,-7915.2,-22.72,,,,,,,,,,,,,,,,,,,,,,,,,,,,,7.20,2.92,10.56,-819.6,-12.9,-8651.5,-27.95
7.25,2.65,11.01,-725.3,-15.2,-7989.1,-25.17,,,,,,,,7.25,2.70,10.83,-735.8,-14.7,-7966.8,-23.12,,,,,,,,,,,,,,,,,,,,,,,,,,,,,7.25,2.95,10.67,-825.8,-12.9,-8815.5,-28.39
7.30,2.66,10.91,-730.0,-14.9,-7966.6,-25.57,,,,,,,,7.30,2.71,10.86,-740.5,-14.7,-8043.2,-23.52,,,,,,,,,,,,,,,,,,,,,,,,,,,,,7.30,2.98,10.61,-830.5,-12.8,-8809.7,-28.83
7.35,2.68,10.91,-735.8,-14.8,-8029.5,-25.97,,,,,,,,7.35,2.72,10.86,-744.7,-14.6,-8088.7,-23.92,,,,,,,,,,,,,,,,,,,,,,,,,,,,,7.35,3.00,10.62,-835.2,-12.7,-8873.4,-29.27
7.40,2.70,10.95,-740.5,-14.8,-8106.2,-26.37,,,,,,,,7.40,2.74,10.81,-750.0,-14.4,-8107.6,-24.33,,,,,,,,,,,,,,,,,,,,,,,,,,,,,7.40,3.02,10.69,-842.6,-12.7,-9009.1,-29.72
7.45,2.72,11.03,-745.8,-14.8,-8226.5,-26.78,,,,,,,,7.45,2.75,10.83,-757.3,-14.3,-8199.1,-24.73,,,,,,,,,,,,,,,,,,,,,,,,,,,,,7.45,3.04,10.61,-850.9,-12.5,-9026.0,-30.17
7.50,2.74,10.95,-747.3,-14.6,-8180.9,-27.19,,,,,,,,7.50,2.77,10.74,-763.0,-14.1,-8197.3,-25.14,,,,,,,,,,,,,,,,,,,,,,,,,,,,,7.50,3.06,10.73,-861.9,-12.4,-9244.8,-30.62
7.55,2.75,10.91,-752.6,-14.5,-8212.2,-27.60,,,,,,,,7.55,2.79,10.86,-767.2,-14.2,-8333.2,-25.56,,,,,,,,,,,,,,,,,,,,,,,,,,,,,7.55,3.09,10.64,-871.4,-12.2,-9272.5,-31.09
7.60,2.76,10.81,-756.7,-14.3,-8181.0,-28.01,,,,,,,,7.60,2.81,10.86,-771.9,-14.1,-8384.3,-25.98,,,,,,,,,,,,,,,,,,,,,,,,,,,,,7.60,3.12,10.56,-886.5,-11.9,-9358.5,-31.55
7.65,2.77,10.81,-764.1,-14.1,-8260.2,-28.42,,,,,,,,7.65,2.82,10.90,-779.3,-14.0,-8490.6,-26.40,,,,,,,,,,,,,,,,,,,,,,,,,,,,,7.65,3.15,10.64,-889.7,-12.0,-9467.3,-32.02
7.70,2.79,10.95,-777.7,-14.1,-8513.1,-28.84,,,,,,,,7.70,2.84,10.86,-791.8,-13.7,-8600.2,-26.82,,,,,,,,,,,,,,,,,,,,,,,,,,,,,7.70,3.20,10.69,-889.7,-12.0,-9512.6,-32.50
7.75,2.81,10.93,-791.8,-13.8,-8653.7,-29.27,,,,,,,,7.75,2.87,10.88,-804.9,-13.5,-8755.8,-27.26,,,,,,,,,,,,,,,,,,,,,,,,,,,,,7.75,3.21,10.67,-889.7,-12.0,-9496.9,-32.97
7.80,2.85,10.88,-797.1,-13.6,-8670.5,-29.70,,,,,,,,7.80,2.91,10.95,-815.9,-13.4,-8931.2,-27.70,,,,,,,,,,,,,,,,,,,,,,,,,,,,,7.80,3.21,10.67,-889.2,-12.0,-9491.4,-33.45
7.85,2.90,10.93,-799.1,-13.7,-8733.8,-30.14,,,,,,,,7.85,2.95,10.98,-826.3,-13.3,-9073.3,-28.15,,,,,,,,,,,,,,,,,,,,,,,,,,,,,7.85,3.21,10.73,-889.7,-12.1,-9542.2,-33.92
7.90,2.92,10.90,-800.2,-13.6,-8718.8,-30.57,,,,,,,,7.90,2.99,10.90,-831.1,-13.1,-9055.0,-28.60,,,,,,,,,,,,,,,,,,,,,,,,,,,,,7.90,3.21,10.69,-889.2,-12.0,-9507.1,-34.40
7.95,2.93,10.91,-800.7,-13.6,-8737.7,-31.01,,,,,,,,7.95,3.02,10.93,-835.2,-13.1,-9128.5,-29.06,,,,,,,,,,,,,,,,,,,,,,,,,,,,,7.95,3.21,10.64,-889.7,-12.0,-9467.3,-34.87
8.00,2.93,10.96,-802.8,-13.7,-8801.2,-31.45,,,,,,,,8.00,3.03,10.93,-838.4,-13.0,-9162.8,-29.52,,,,,,,,,,,,,,,,,,,,,,,,,,,,,8.00,3.21,10.62,-888.6,-12.0,-9440.4,-35.35
8.05,2.94,10.95,-808.5,-13.5,-8851.0,-31.89,,,,,,,,8.05,3.05,10.90,-841.0,-13.0,-9163.5,-29.97,,,,,,,,,,,,,,,,,,,,,,,,,,,,,8.05,3.21,10.62,-889.2,-11.9,-9446.2,-35.82
8.10,2.94,10.90,-811.7,-13.4,-8844.0,-32.33,,,,,,,,8.10,3.06,10.96,-848.9,-12.9,-9306.3,-30.44,,,,,,,,,,,,,,,,,,,,,,,,,,,,,8.10,3.21,10.67,-889.2,-12.0,-9491.4,-36.29
8.15,2.96,10.90,-819.0,-13.3,-8923.9,-32.77,,,,,,,,8.15,3.07,10.96,-856.7,-12.8,-9392.3,-30.90,,,,,,,,,,,,,,,,,,,,,,,,,,,,,8.15,3.21,10.71,-889.7,-12.0,-9527.4,-36.77
8.20,2.97,10.96,-824.8,-13.3,-9042.3,-33.22,,,,,,,,8.20,3.09,10.91,-867.7,-12.6,-9468.5,-31.37,,,,,,,,,,,,,,,,,,,,,,,,,,,,,8.20,3.21,10.67,-889.2,-12.0,-9491.4,-37.24
8.25,3.00,10.90,-828.4,-13.2,-9026.4,-33.68,,,,,,,,8.25,3.12,10.95,-873.9,-12.5,-9566.9,-31.85,,,,,,,,,,,,,,,,,,,,,,,,,,,,,8.25,3.21,10.69,-889.7,-12.0,-9512.6,-37.72
8.30,3.01,10.96,-830.5,-13.2,-9105.5,-34.13,,,,,,,,8.30,3.15,11.01,-877.1,-12.6,-9660.8,-32.33,,,,,,,,,,,,,,,,,,,,,,,,,,,,,8.30,3.21,10.69,-889.2,-12.0,-9507.1,-38.19
8.35,3.03,10.83,-832.1,-13.0,-9009.5,-34.58,,,,,,,,8.35,3.18,10.96,-878.1,-12.5,-9627.4,-32.81,,,,,,,,,,,,,,,,,,,,,,,,,,,,,8.35,3.21,10.64,-889.7,-12.0,-9467.3,-38.67
8.40,3.04,11.00,-835.2,-13.2,-9185.7,-35.04,,,,,,,,8.40,3.19,11.03,-877.1,-12.6,-9675.4,-33.30,,,,,,,,,,,,,,,,,,,,,,,,,,,,,8.40,3.21,10.69,-889.7,-12.0,-9512.6,-39.14
8.45,3.04,10.96,-837.9,-13.1,-9185.9,-35.50,,,,,,,,8.45,3.19,10.96,-876.6,-12.5,-9610.2,-33.78,,,,,,,,,,,,,,,,,,,,,,,,,,,,,8.45,3.21,10.73,-889.2,-12.1,-9536.7,-39.62
8.50,3.05,11.00,-840.0,-13.1,-9237.5,-35.96,,,,,,,,8.50,3.19,11.01,-877.6,-12.6,-9666.5,-34.26,,,,,,,,,,,,,,,,,,,,,,,,,,,,,8.50,3.21,10.62,-889.2,-11.9,-9446.2,-40.09
8.55,3.06,10.96,-841.5,-13.0,-9225.9,-36.42,,,,,,,,8.55,3.19,11.01,-878.1,-12.5,-9672.1,-34.74,,,,,,,,,,,,,,,,,,,,,,,,,,,,,8.55,3.21,10.67,-889.2,-12.0,-9491.4,-40.57
8.60,3.06,10.86,-843.1,-12.9,-9157.3,-36.88,,,,,,,,8.60,3.19,10.96,-877.1,-12.5,-9616.2,-35.23,,,,,,,,,,,,,,,,,,,,,,,,,,,,,8.60,3.21,10.69,-889.2,-12.0,-9507.1,-41.04
8.65,3.07,10.83,-843.6,-12.8,-9133.9,-37.34,,,,,,,,8.65,3.19,10.96,-877.1,-12.5,-9616.2,-35.71,,,,,,,,,,,,,,,,,,,,,,,,,,,,,8.65,3.21,10.67,-889.7,-12.0,-9496.9,-41.52
8.70,3.07,10.93,-844.7,-12.9,-9231.4,-37.79,,,,,,,,8.70,3.19,11.01,-877.6,-12.6,-9666.5,-36.19,,,,,,,,,,,,,,,,,,,,,,,,,,,,,8.70,3.21,10.69,-889.7,-12.0,-9512.6,-41.99
8.75,3.08,10.86,-843.6,-12.9,-9162.9,-38.25,,,,,,,,8.75,3.19,11.01,-877.6,-12.6,-9666.5,-36.67,,,,,,,,,,,,,,,,,,,,,,,,,,,,,8.75,3.21,10.57,-889.2,-11.9,-9400.9,-42.46
8.80,3.08,11.08,-844.1,-13.1,-9354.6,-38.72,,,,,,,,8.80,3.19,10.96,-877.1,-12.5,-9616.2,-37.15,,,,,,,,,,,,,,,,,,,,,,,,,,,,,8.80,3.21,10.64,-889.2,-12.0,-9461.9,-42.94
8.85,3.08,11.05,-844.7,-13.1,-9332.2,-39.18,,,,,,,,8.85,3.19,11.05,-876.6,-12.6,-9684.9,-37.64,,,,,,,,,,,,,,,,,,,,,,,,,,,,,8.85,3.21,10.62,-889.2,-11.9,-9446.2,-43.41
8.90,3.08,10.96,-844.7,-13.0,-9260.3,-39.65,,,,,,,,8.90,3.19,10.90,-877.1,-12.4,-9557.0,-38.12,,,,,,,,,,,,,,,,,,,,,,,,,,,,,8.90,3.21,10.64,-889.2,-12.0,-9461.9,-43.88
8.95,3.08,10.95,-844.7,-13.0,-9246.3,-40.11,,,,,,,,8.95,3.19,10.95,-877.1,-12.5,-9601.6,-38.60,,,,,,,,,,,,,,,,,,,,,,,,,,,,,8.95,3.21,10.54,-889.2,-11.9,-9371.4,-44.35
9.00,3.08,10.95,-844.7,-13.0,-9246.3,-40.57,,,,,,,,9.00,3.19,11.00,-877.1,-12.5,-9646.3,-39.08,,,,,,,,,,,,,,,,,,,,,,,,,,,,,9.00,3.21,10.54,-889.2,-11.9,-9371.4,-44.82
9.05,3.08,10.93,-844.7,-12.9,-9231.4,-41.04,,,,,,,,9.05,3.19,10.90,-877.1,-12.4,-9557.0,-39.56,,,,,,,,,,,,,,,,,,,,,,,,,,,,,9.05,3.21,,,,,
9.10,3.08,11.00,-844.1,-13.0,-9283.6,-41.50,,,,,,,,9.10,3.19,10.90,-878.1,-12.4,-9568.2,-40.04,,,,,,,,,,,,,,,,,,,,,,,,,,,,,,,,,,,
9.15,3.08,10.93,-844.7,-12.9,-9231.4,-41.96,,,,,,,,9.15,3.19,10.96,-876.6,-12.5,-9610.2,-40.52,,,,,,,,,,,,,,,,,,,,,,,,,,,,,,,,,,,
9.20,3.08,10.81,-844.7,-12.8,-9131.3,-42.42,,,,,,,,9.20,3.19,10.90,-877.6,-12.4,-9562.6,-40.99,,,,,,,,,,,,,,,,,,,,,,,,,,,,,,,,,,,
9.25,3.08,10.91,-844.7,-12.9,-9217.3,-42.88,,,,,,,,9.25,3.19,11.00,-876.6,-12.5,-9640.3,-41.47,,,,,,,,,,,,,,,,,,,,,,,,,,,,,,,,,,,
9.30,3.08,10.88,-844.7,-12.9,-9188.4,-43.34,,,,,,,,9.30,3.19,11.01,-877.1,-12.6,-9660.8,-41.96,,,,,,,,,,,,,,,,,,,,,,,,,,,,,,,,,,,
9.35,3.08,10.91,-844.7,-12.9,-9217.3,-43.80,,,,,,,,9.35,3.19,10.88,-876.6,-12.4,-9535.6,-42.44,,,,,,,,,,,,,,,,,,,,,,,,,,,,,,,,,,,
9.40,3.08,10.86,-844.7,-12.9,-9174.3,-44.26,,,,,,,,9.40,3.19,11.05,-877.6,-12.6,-9696.6,-42.92,,,,,,,,,,,,,,,,,,,,,,,,,,,,,,,,,,,
9.45,3.08,10.91,-844.7,-12.9,-9217.3,-44.72,,,,,,,,9.45,3.19,10.95,-877.1,-12.5,-9601.6,-43.40,,,,,,,,,,,,,,,,,,,,,,,,,,,,,,,,,,,
9.50,3.08,10.91,-844.7,-12.9,-9217.3,-45.18,,,,,,,,9.50,3.19,11.08,-877.1,-12.6,-9720.1,-43.88,,,,,,,,,,,,,,,,,,,,,,,,,,,,,,,,,,,
9.55,3.08,10.95,-844.7,-13.0,-9246.3,-45.64,,,,,,,,9.55,3.19,10.90,-877.1,-12.4,-9557.0,-44.37,,,,,,,,,,,,,,,,,,,,,,,,,,,,,,,,,,,
9.60,3.08,10.81,-844.7,-12.8,-9131.3,-46.10,,,,,,,,9.60,3.19,10.95,-877.1,-12.5,-9601.6,-44.84,,,,,,,,,,,,,,,,,,,,,,,,,,,,,,,,,,,
9.65,3.08,10.90,-844.7,-12.9,-9203.3,-46.56,,,,,,,,9.65,3.19,10.91,-877.1,-12.4,-9571.6,-45.32,,,,,,,,,,,,,,,,,,,,,,,,,,,,,,,,,,,
9.70,3.08,10.90,-845.2,-12.9,-9208.9,-47.02,,,,,,,,9.70,3.19,11.03,-877.1,-12.6,-9675.4,-45.80,,,,,,,,,,,,,,,,,,,,,,,,,,,,,,,,,,,
9.75,3.08,10.96,-844.7,-13.0,-9260.3,-47.48,,,,,,,,9.75,3.19,10.96,-877.1,-12.5,-9616.2,-46.29,,,,,,,,,,,,,,,,,,,,,,,,,,,,,,,,,,,
9.80,3.08,10.91,-844.7,-12.9,-9217.3,-47.94,,,,,,,,9.80,3.19,10.96,-877.1,-12.5,-9616.2,-46.77,,,,,,,,,,,,,,,,,,,,,,,,,,,,,,,,,,,
9.85,3.08,10.96,-844.7,-13.0,-9260.3,-48.41,,,,,,,,9.85,3.19,11.07,-876.6,-12.6,-9699.5,-47.25,,,,,,,,,,,,,,,,,,,,,,,,,,,,,,,,,,,
9.90,3.08,10.96,-844.7,-13.0,-9260.3,-48.87,,,,,,,,9.90,3.19,10.91,-877.1,-12.4,-9571.6,-47.73,,,,,,,,,,,,,,,,,,,,,,,,,,,,,,,,,,,
9.95,3.08,11.00,-844.7,-13.0,-9289.3,-49.33,,,,,,,,9.95,3.19,11.05,-877.6,-12.6,-9696.6,-48.21,,,,,,,,,,,,,,,,,,,,,,,,,,,,,,,,,,,
10.00,3.08,11.00,-844.7,-13.0,-9289.3,-49.80,,,,,,,,10.00,3.19,11.00,-877.1,-12.5,-9646.3,-48.70,,,,,,,,,,,,,,,,,,,,,,,,,,,,,,,,,,,
