Corriente 1: Tiempo (s);Corriente 1: Corriente (mA);Corriente 1: Voltaje (V);Corriente 1: Temperatura (°C);Corriente 1: Potencia (mW);Corriente 2: Tiempo (s);Corriente 2: Corriente (mA);Corriente 2: Voltaje (V);Corriente 2: Temperatura (°C);Corriente 2: Potencia (mW)
0;797,3769172;3,346939288;15,94899015;2668,772131;0;597,9442869;2,519455834;17,234203;1506,494222
0,5;797,5055005;3,347967217;15,95050736;2670,022271;0,5;598,0085786;2,515344115;17,234203;1504,197359
1;797,4412089;3,350023077;15,96112721;2671,446452;1;597,9442869;2,516372044;17,23720333;1504,650288
1,5;797,4412089;3,348995147;15,97326289;2670,626739;1,5;597,8799953;2,516372044;17,23270281;1504,488506
2;797,5055005;3,347967217;15,97326289;2670,022271;2;597,9121411;2,516372044;17,22670186;1504,569397
2,5;797,5376463;3,351051007;15,97326289;2672,589333;2,5;598,0407244;2,517399974;17,23570317;1505,507704
3;797,6019379;3,351051007;15,98084699;2672,804777;3;597,9121411;2,515344115;17,234203;1503,954785
3,5;797,5376463;3,348995147;15,99146381;2670,949707;3,5;597,9442869;2,515344115;17,23570317;1504,035643
4;797,5055005;3,348995147;16,00207958;2670,842051;4;597,9442869;2,514316185;17,23870346;1503,420998
4,5;797,6340837;3,350023077;16,00511247;2672,092588;4,5;597,9442869;2,515344115;17,24020358;1504,035643
5;797,6019379;3,350023077;16,00207958;2671,984898;5;597,9121411;2,516372044;17,24470382;1504,569397
5,5;797,6019379;3,344883428;16,0142106;2667,885505;5,5;597,9121411;2,517399974;17,24620387;1505,184009
6;797,5697921;3,345911358;16,0142106;2668,597826;6;597,9121411;2,516372044;17,24470382;1504,569397
6,5;797,6662296;3,348995147;16,02330796;2671,380332;6,5;597,8478495;2,516372044;17,24470382;1504,407615
7;797,6662296;3,350023077;16,02179179;2672,200277;7;597,9121411;2,515344115;17,2477039;1503,954785
7,5;797,7305212;3,348995147;16,02634024;2671,595644;7,5;597,8799953;2,516372044;17,24620387;1504,488506
8;797,6662296;3,350023077;16,03392057;2672,200277;8;597,7835579;2,515344115;17,24020358;1503,631354
8,5;797,6662296;3,347967217;16,03543657;2670,560387;8,5;597,8157037;2,516372044;17,24170368;1504,326724
9;797,6340837;3,348995147;16,03998445;2671,272676;9;597,8157037;2,517399974;17,24320376;1504,941237
9,5;797,7305212;3,350023077;16,04907962;2672,415655;9,5;597,9442869;2,517399974;17,2477039;1505,264932
10;797,5697921;3,347967217;16,0505954;2670,237518;10;597,8478495;2,517399974;17,24470382;1505,022161
10,5;797,6019379;3,345911358;16,06120531;2668,705383;10,5;597,8478495;2,515344115;17,25670367;1503,79307
11;797,6662296;3,348995147;16,07332964;2671,380332;11;597,7835579;2,515344115;17,24170368;1503,631354
11,5;797,7305212;3,347967217;16,06878318;2670,775633;11,5;597,7192662;2,515344115;17,25520375;1503,469639
12;797,6983754;3,350023077;16,07181418;2672,307966;12;597,7835579;2,515344115;17,25220386;1503,631354
12,5;797,8912503;3,352078937;16,07636051;2674,594454;12,5;597,8478495;2,515344115;17,2492039;1503,79307
13;797,8269586;3,348995147;16,07939129;2671,918613;13;597,8157037;2,516372044;17,25370382;1504,326724
13,5;797,7948128;3,341799639;16,08545261;2666,070417;13,5;597,8799953;2,517399974;17,25520375;1505,103085
14;797,8591044;3,350023077;16,08696788;2672,846412;14;597,6871204;2,515344115;17,25670367;1503,388781
14,5;797,8269586;3,350023077;16,09454393;2672,738723;14,5;597,8799953;2,516372044;17,25970345;1504,488506
15;797,9233961;3,347967217;16,09605908;2671,421372;15;597,7514121;2,516372044;17,26120331;1504,164943
15,5;797,6983754;3,350023077;16,10060439;2672,307966;15,5;597,7835579;2,516372044;17,25670367;1504,245834
16;797,7305212;3,347967217;16,09605908;2670,775633;16;597,8478495;2,516372044;17,25520375;1504,407615
16,5;797,762667;3,347967217;16,11423918;2670,883256;16,5;597,9442869;2,516372044;17,25670367;1504,650288
17;797,7305212;3,348995147;16,10666451;2671,595644;17;597,9121411;2,516372044;17,25970345;1504,569397
17,5;797,6983754;3,348995147;16,10666451;2671,487988;17,5;597,8157037;2,517399974;17,25670367;1504,941237
18;797,6983754;3,351051007;16,12181332;2673,127944;18;597,7514121;2,514316185;17,25970345;1502,93605
18,5;797,7948128;3,347967217;16,12484283;2670,99088;18,5;597,8478495;2,515344115;17,25520375;1503,79307
19;797,8912503;3,351051007;16,13393084;2673,774277;19;597,9442869;2,516372044;17,26420298;1504,650288
19,5;797,762667;3,348995147;16,13241622;2671,7033;19,5;597,8478495;2,517399974;17,25970345;1505,022161
20;797,6983754;3,348995147;16,13847456;2671,487988;20;597,8478495;2,516372044;17,26270315;1504,407615
20,5;797,762667;3,350023077;16,13998909;2672,523344;20,5;597,8157037;2,515344115;17,26270315;1503,712212
21;797,7948128;3,346939288;16,14907583;2670,170803;21;597,8157037;2,516372044;17,26720257;1504,326724
21,5;797,7948128;3,347967217;16,15513324;2670,99088;21,5;597,8157037;2,516372044;17,26270315;1504,326724
22;797,8269586;3,348995147;16,15361892;2671,918613;22;597,7835579;2,516372044;17,26270315;1504,245834
22,5;797,7948128;3,348995147;16,16876116;2671,810957;22,5;597,7835579;2,516372044;17,26270315;1504,245834
23;797,9876877;3,351051007;16,17633149;2674,097444;23;597,8478495;2,516372044;17,26270315;1504,407615
23,5;797,7948128;3,351051007;16,17633149;2673,451111;23,5;597,8799953;2,515344115;17,26420298;1503,873927
24;797,8269586;3,348995147;16,19147058;2671,918613;24;597,7835579;2,517399974;17,26570278;1504,860313
24,5;797,9233961;3,346939288;16,19298437;2670,601163;24,5;597,7835579;2,515344115;17,26570278;1503,631354
25;797,8591044;3,345911358;16,18238738;2669,56584;25;597,8478495;2,515344115;17,26720257;1503,79307
25,5;797,8269586;3,343855498;16,19903933;2667,818062;25,5;597,7835579;2,517399974;17,27020209;1504,860313
26;797,9555419;3,351051007;16,21114824;2673,989722;26;597,7192662;2,515344115;17,27620092;1503,469639
26,5;797,8912503;3,350023077;16,2096347;2672,954101;26,5;597,6871204;2,514316185;17,27020209;1502,7744
27;797,8591044;3,348995147;16,20812114;2672,026269;27;597,8157037;2,514316185;17,27170183;1503,097699
27,5;798,0198335;3,350023077;16,21417526;2673,384858;27,5;597,8157037;2,515344115;17,27020209;1503,712212
28;797,9555419;3,348995147;16,22325581;2672,349237;28;597,7835579;2,513288255;17,27320154;1502,402395
28,5;798,0841251;3,348995147;16,22174244;2672,779862;28,5;597,8157037;2,516372044;17,27320154;1504,326724
29;797,9876877;3,348995147;16,22930909;2672,456894;29;597,7514121;2,515344115;17,27020209;1503,550496
29,5;797,9555419;3,346939288;16,23384883;2670,708753;29,5;597,7835579;2,515344115;17,27920022;1503,631354
30;797,9876877;3,350023077;16,24141465;2673,277169;30;597,8157037;2,515344115;17,28069984;1503,712212
30,5;798,0841251;3,350023077;16,24444083;2673,600237;30,5;597,7835579;2,516372044;17,27620092;1504,245834
31;797,9876877;3,351051007;16,24141465;2674,097444;31;597,7835579;2,516372044;17,28069984;1504,245834
31,5;798,1805626;3,347967217;16,25049294;2672,282357;31,5;597,7835579;2,516372044;17,28519861;1504,245834
32;798,0841251;3,348995147;16,25654472;2672,779862;32;597,7835579;2,516372044;17,27470124;1504,245834
32,5;798,0198335;3,348995147;16,25351887;2672,56455;32,5;597,7835579;2,516372044;17,27620092;1504,245834
33;798,0841251;3,350023077;16,25654472;2673,600237;33;597,8478495;2,515344115;17,2911967;1503,79307
33,5;798,116271;3,348995147;16,26410897;2672,887518;33,5;597,8478495;2,516372044;17,28219945;1504,407615
34;797,9233961;3,350023077;16,26259616;2673,061791;34;597,8799953;2,515344115;17,29269618;1503,873927
34,5;797,8591044;3,351051007;16,26259616;2673,666555;34,5;597,8478495;2,516372044;17,28069984;1504,407615
35;797,8912503;3,348995147;16,27016;2672,133925;35;597,8157037;2,516372044;17,28219945;1504,326724
35,5;798,0198335;3,351051007;16,2716727;2674,205167;35,5;597,9121411;2,515344115;17,28669816;1503,954785
36;797,8269586;3,351051007;16,27772331;2673,558833;36;597,7835579;2,516372044;17,29419564;1504,245834
36,5;797,7948128;3,348995147;16,28074849;2671,810957;36,5;597,8157037;2,516372044;17,29269618;1504,326724
37;797,7948128;3,346939288;16,28377359;2670,170803;37;597,8157037;2,515344115;17,27770058;1503,712212
37,5;797,8269586;3,350023077;16,29738549;2672,738723;37,5;597,7835579;2,515344115;17,28819769;1503,631354
38;798,0198335;3,345911358;16,29284838;2670,103625;38;597,8478495;2,515344115;17,28819769;1503,79307
38,5;797,8912503;3,352078937;16,28831108;2674,594454;38,5;597,7835579;2,516372044;17,28369904;1504,245834
39;797,8912503;3,350023077;16,2867986;2672,954101;39;597,9121411;2,515344115;17,2911967;1503,954785
39,5;798,0519793;3,348995147;16,29889782;2672,672206;39,5;597,6549746;2,514316185;17,29569508;1502,693576
40;797,9233961;3,347967217;16,29889782;2671,421372;40;597,6871204;2,514316185;17,28819769;1502,7744
40,5;797,8912503;3,348995147;16,30645916;2672,133925;40,5;597,8157037;2,515344115;17,2971945;1503,712212
41;797,8912503;3,348995147;16,30645916;2672,133925;41;597,8157037;2,516372044;17,2911967;1504,326724
41,5;797,9233961;3,348995147;16,30948356;2672,241581;41,5;597,7835579;2,516372044;17,29419564;1504,245834
42;797,8591044;3,346939288;16,31553209;2670,385983;42;597,7514121;2,516372044;17,29269618;1504,164943
42,5;797,8591044;3,351051007;16,31855623;2673,666555;42,5;597,7192662;2,515344115;17,29569508;1503,469639
43;797,8912503;3,346939288;16,31704417;2670,493573;43;597,6871204;2,515344115;17,30319201;1503,388781
43,5;797,8269586;3,347967217;16,32914008;2671,098503;43,5;597,7514121;2,515344115;17,30768996;1503,550496
44;797,8912503;3,351051007;16,32762816;2673,774277;44;597,6228288;2,515344115;17,3001933;1503,227065
44,5;797,8912503;3,346939288;16,32611622;2670,493573;44,5;597,7192662;2,516372044;17,29869391;1504,084052
45;797,8912503;3,346939288;16,33216385;2670,493573;45;597,590683;2,515344115;17,30469135;1503,146207
45,5;797,9876877;3,348995147;16,33669935;2672,456894;45,5;597,5585372;2,515344115;17,3001933;1503,06535
46;798,0841251;3,350023077;16,33669935;2673,600237;46;597,590683;2,515344115;17,30768996;1503,146207
46,5;797,9555419;3,346939288;16,34123466;2670,708753;46,5;597,7835579;2,516372044;17,30319201;1504,245834
47;797,9555419;3,353106866;16,33669935;2675,630206;47;597,590683;2,516372044;17,30918924;1503,760489
47,5;797,9233961;3,350023077;16,3442581;2673,061791;47,5;597,7514121;2,517399974;17,30918924;1504,779389
48;798,1484168;3,348995147;16,34274639;2672,995175;48;597,6549746;2,515344115;17,30619066;1503,307923
48,5;798,0841251;3,351051007;16,34576979;2674,420611;48,5;597,6549746;2,516372044;17,30918924;1503,92227
49;798,0519793;3,348995147;16,34879311;2672,672206;49;597,6228288;2,516372044;17,30619066;1503,841379
49,5;798,0841251;3,351051007;16,35332792;2674,420611;49,5;597,590683;2,516372044;17,30768996;1503,760489
50;798,0198335;3,347967217;16,35181634;2671,744242;50;597,6228288;2,516372044;17,31368696;1503,841379
50,5;797,9555419;3,346939288;16,35332792;2670,708753;50,5;597,590683;2,515344115;17,31218774;1503,146207
51;798,0519793;3,348995147;16,35483949;2672,672206;51;597,6228288;2,516372044;17,31668535;1503,841379
51,5;797,9876877;3,348995147;16,35786256;2672,456894;51,5;597,5585372;2,517399974;17,31218774;1504,293846
52;798,0841251;3,347967217;16,36088554;2671,959488;52;597,6871204;2,517399974;17,31818452;1504,617541
52,5;798,0198335;3,350023077;16,36390845;2673,384858;52,5;597,590683;2,515344115;17,31668535;1503,146207
53;798,0519793;3,347967217;16,36541987;2671,851865;53;597,590683;2,516372044;17,31368696;1503,760489
53,5;798,0519793;3,348995147;16,36995401;2672,672206;53,5;597,5585372;2,516372044;17,31518616;1503,679598
54;798,0198335;3,346939288;16,37146535;2670,923933;54;597,590683;2,516372044;17,32268192;1503,760489
54,5;798,1484168;3,350023077;16,37146535;2673,815615;54,5;597,6228288;2,515344115;17,31368696;1503,227065
55;798,0519793;3,348995147;16,38355532;2672,672206;55;597,6871204;2,516372044;17,3211828;1504,003161
55,5;798,1484168;3,348995147;16,37599924;2672,995175;55,5;597,6549746;2,515344115;17,32568009;1503,307923
56;798,0198335;3,347967217;16,37599924;2671,744242;56;597,6549746;2,516372044;17,31968367;1503,92227
56,5;797,9876877;3,346939288;16,37902173;2670,816343;56,5;598,0085786;2,515344115;17,32568009;1504,197359
57;798,0841251;3,347967217;16,38506647;2671,959488;57;597,6549746;2,516372044;17,32867819;1503,92227
57,5;797,8912503;3,348995147;16,38355532;2672,133925;57,5;597,7192662;2,516372044;17,33017722;1504,084052
58;797,8912503;3,348995147;16,38204414;2672,133925;58;597,7514121;2,517399974;17,3211828;1504,779389
58,5;798,1484168;3,348995147;16,38808872;2672,995175;58,5;597,7835579;2,517399974;17,33317521;1504,860313
59;797,9876877;3,346939288;16,3865776;2670,816343;59;597,7835579;2,515344115;17,33317521;1503,631354
59,5;798,0519793;3,342827569;16,39866593;2667,750158;59,5;597,7835579;2,516372044;17,32867819;1504,245834
60;798,2448542;3,348995147;16,39413296;2673,318143;60;597,7514121;2,515344115;17,32268192;1503,550496
60,5;798,2127084;3,347967217;16,40773132;2672,38998;60,5;597,6549746;2,515344115;17,32867819;1503,307923
61;798,0841251;3,347967217;16,40168781;2671,959488;61;597,7192662;2,515344115;17,32717915;1503,469639
61,5;798,116271;3,350023077;16,4047096;2673,707926;61,5;597,6549746;2,516372044;17,32268192;1503,92227
62;798,2127084;3,344883428;16,40319872;2669,928461;62;597,7514121;2,514316185;17,33167622;1502,93605
62,5;798,3091458;3,348995147;16,40622047;2673,533455;62,5;597,6549746;2,516372044;17,33167622;1503,92227
63;798,3734375;3,347967217;16,4137745;2672,928096;63;597,7192662;2,517399974;17,33467418;1504,698465
63,5;798,4377291;3,347967217;16,40773132;2673,143342;63,5;597,7192662;2,516372044;17,33617313;1504,084052
64;798,4698749;3,346939288;16,41679596;2672,430194;64;597,6549746;2,513288255;17,32867819;1502,079228
64,5;798,5663124;3,348995147;16,41528524;2674,394705;64,5;597,7192662;2,515344115;17,33617313;1503,469639
65;798,5341665;3,351051007;16,42434928;2675,928723;65;597,7514121;2,518427904;17,33917098;1505,393836
65,5;798,4698749;3,350023077;16,42434928;2674,892507;65,5;597,590683;2,516372044;17,34066988;1503,760489
66;798,4698749;3,347967217;16,42434928;2673,250965;66;597,6228288;2,516372044;17,33617313;1503,841379
66,5;798,630604;3,348995147;16,42434928;2674,610017;66,5;597,7514121;2,516372044;17,33767207;1504,164943
67;798,5984582;3,348995147;16,42585988;2674,502361;67;597,6228288;2,516372044;17,34216876;1503,841379
67,5;798,6627498;3,350023077;16,43039156;2675,538643;67,5;597,7192662;2,516372044;17,34216876;1504,084052
68;798,7913331;3,347967217;16,43341258;2674,327197;68;597,6871204;2,516372044;17,34066988;1504,003161
68,5;798,630604;3,346939288;16,43492305;2672,968145;68,5;597,7835579;2,515344115;17,34216876;1503,631354
69;798,630604;3,348995147;16,45153697;2674,610017;69;597,7192662;2,517399974;17,34066988;1504,698465
69,5;798,7270414;3,350023077;16,44851644;2675,754021;69,5;597,6871204;2,515344115;17,34666528;1503,388781
70;798,630604;3,348995147;16,45002672;2674,610017;70;597,7514121;2,514316185;17,34066988;1502,93605
70,5;798,7270414;3,346939288;16,44549583;2673,290915;70,5;597,6871204;2,516372044;17,34216876;1504,003161
71;798,7591872;3,347967217;16,44549583;2674,219574;71;597,6549746;2,514316185;17,34516646;1502,693576
71,5;798,7591872;3,350023077;16,45606761;2675,86171;71,5;597,7514121;2,516372044;17,34216876;1504,164943
72;798,7270414;3,348995147;16,45606761;2674,932986;72;597,7514121;2,515344115;17,34666528;1503,550496
72,5;798,7913331;3,344883428;16,45757779;2671,863893;72,5;597,7835579;2,516372044;17,34966288;1504,245834
73;798,7913331;3,347967217;16,46210818;2674,327197;73;597,7514121;2,517399974;17,35116165;1504,779389
73,5;798,8234789;3,348995147;16,46361828;2675,255954;73,5;597,7192662;2,516372044;17,35116165;1504,084052
74;798,8556247;3,347967217;16,46210818;2674,542443;74;597,7192662;2,516372044;17,34516646;1504,084052
74,5;798,9520621;3,350023077;16,46965844;2676,507846;74,5;597,7192662;2,516372044;17,34966288;1504,084052
75;798,9520621;3,350023077;16,47116843;2676,507846;75;597,590683;2,515344115;17,34966288;1503,146207
75,5;798,9199163;3,346939288;16,47418835;2673,936456;75,5;597,6549746;2,516372044;17,35565785;1503,92227
76;798,8556247;3,350023077;16,47116843;2676,184778;76;597,7514121;2,515344115;17,35116165;1503,550496
76,5;798,8234789;3,350023077;16,47720819;2676,077089;76,5;597,7514121;2,514316185;17,3526604;1502,93605
77;798,8234789;3,352078937;16,48324762;2677,719357;77;597,7192662;2,516372044;17,35415914;1504,084052
77,5;798,8556247;3,350023077;16,47569828;2676,184778;77,5;597,7192662;2,515344115;17,3526604;1503,469639
78;798,8877705;3,350023077;16,47569828;2676,292467;78;597,7514121;2,515344115;17,35865523;1503,550496
78,5;798,9520621;3,350023077;16,48173779;2676,507846;78,5;597,6871204;2,517399974;17,35415914;1504,617541
79;798,9842079;3,353106866;16,48173779;2679,079434;79;597,7835579;2,516372044;17,36015389;1504,245834
79,5;798,9199163;3,351051007;16,47871808;2677,22139;79,5;597,7835579;2,515344115;17,35565785;1503,631354
80;798,8556247;3,350023077;16,48626721;2676,184778;80;597,7514121;2,516372044;17,36015389;1504,164943
80,5;798,7270414;3,352078937;16,49230616;2677,396092;80,5;597,7192662;2,517399974;17,35865523;1504,698465
81;798,7591872;3,344883428;16,48777698;2671,756369;81;597,6228288;2,516372044;17,35415914;1503,841379
81,5;798,8556247;3,348995147;16,49079645;2675,36361;81,5;597,6228288;2,515344115;17,36165254;1503,227065
82;798,7913331;3,348995147;16,49079645;2675,148298;82;597,6228288;2,516372044;17,36165254;1503,841379
82,5;798,8556247;3,350023077;16,49230616;2676,184778;82,5;597,7514121;2,515344115;17,36165254;1503,550496
83;798,8234789;3,348995147;16,49532551;2675,255954;83;597,6549746;2,516372044;17,36165254;1503,92227
83,5;798,8877705;3,348995147;16,50136397;2675,471267;83,5;597,6549746;2,516372044;17,36015389;1503,92227
84;798,7591872;3,348995147;16,49985439;2675,040642;84;597,7514121;2,516372044;17,36464977;1504,164943
84,5;798,7913331;3,351051007;16,49230616;2676,790501;84,5;597,7514121;2,517399974;17,36015389;1504,779389
85;798,8234789;3,345911358;16,50438308;2672,792551;85;597,7835579;2,516372044;17,36464977;1504,245834
85,5;798,8234789;3,347967217;16,50740211;2674,43482;85,5;597,7514121;2,515344115;17,36315116;1503,550496
86;798,9199163;3,350023077;16,50740211;2676,400156;86;597,7192662;2,515344115;17,36315116;1503,469639
86,5;798,8877705;3,352078937;16,51042106;2677,934868;86,5;597,8478495;2,516372044;17,36764693;1504,407615
87;798,9520621;3,350023077;16,51494933;2676,507846;87;597,7192662;2,517399974;17,36914549;1504,698465
87,5;798,9199163;3,348995147;16,51042106;2675,578923;87,5;597,8157037;2,516372044;17,37064402;1504,326724
88;798,8877705;3,347967217;16,50891159;2674,650066;88;597,8478495;2,516372044;17,37064402;1504,407615
88,5;798,9520621;3,348995147;16,51645871;2675,686579;88,5;597,9121411;2,516372044;17,36614836;1504,569397
89;798,8234789;3,348995147;16,52098674;2675,255954;89;597,9764328;2,517399974;17,37364104;1505,345856
89,5;798,8234789;3,350023077;16,51796807;2676,077089;89,5;597,8799953;2,517399974;17,37064402;1505,103085
90;798,8234789;3,347967217;16,52098674;2674,43482;90;597,9121411;2,516372044;17,37064402;1504,569397
90,5;798,9520621;3,350023077;16,52098674;2676,507846;90,5;597,8157037;2,516372044;17,36914549;1504,326724
91;798,9199163;3,351051007;16,53004225;2677,22139;91;597,8478495;2,515344115;17,37064402;1503,79307
91,5;798,9842079;3,351051007;16,53306059;2677,436834;91,5;597,8157037;2,517399974;17,37214254;1504,941237
92;798,9199163;3,347967217;16,53306059;2674,757689;92;597,7514121;2,516372044;17,37513952;1504,164943
92,5;799,0163537;3,348995147;16,52249604;2675,901891;92,5;597,6871204;2,516372044;17,36914549;1504,003161
93;798,9842079;3,350023077;16,52853305;2676,615535;93;597,7835579;2,516372044;17,38113327;1504,245834
93,5;798,9520621;3,347967217;16,53306059;2674,865312;93,5;597,8799953;2,517399974;17,37813643;1505,103085
94;799,0484996;3,348995147;16,53456973;2676,009547;94;597,8157037;2,515344115;17,37813643;1503,712212
94,5;799,0484996;3,351051007;16,53456973;2677,652279;94,5;597,7835579;2,516372044;17,38113327;1504,245834
95;799,0484996;3,347967217;16,53909703;2675,188182;95;597,7514121;2,515344115;17,37663798;1503,550496
95,5;798,8877705;3,351051007;16,53758795;2677,113668;95,5;597,9764328;2,515344115;17,37663798;1504,116501
96;798,9842079;3,350023077;16,53607885;2676,615535;96;597,8157037;2,515344115;17,37663798;1503,712212
96,5;798,9842079;3,352078937;16,53909703;2678,258134;96,5;597,8799953;2,517399974;17,38263166;1505,103085
97;799,0163537;3,350023077;16,53909703;2676,723224;97;597,8157037;2,512260325;17,38413003;1501,868674
97,5;799,0163537;3,350023077;16,54362415;2676,723224;97,5;597,8157037;2,515344115;17,38413003;1503,712212
98;798,9842079;3,352078937;16,54513315;2678,258134;98;597,7514121;2,515344115;17,38113327;1503,550496
98,5;799,0163537;3,351051007;16,54513315;2677,544557;98,5;597,7514121;2,515344115;17,38113327;1503,550496
99;798,9199163;3,347967217;16,54815109;2674,757689;99;597,7835579;2,515344115;17,38562839;1503,631354
99,5;798,9520621;3,351051007;16,54060609;2677,329112;99,5;597,7514121;2,515344115;17,38562839;1503,550496
100;799,0484996;3,350023077;16,54513315;2676,830913;100;597,7192662;2,518427904;17,38562839;1505,312879
100,5;799,1127912;3,348995147;16,55116895;2676,22486;100,5;597,7514121;2,516372044;17,3931199;1504,164943
101;799,0484996;3,347967217;16,54815109;2675,188182;101;597,7514121;2,516372044;17,39162163;1504,164943
101,5;799,0806454;3,347967217;16,54664213;2675,295805;101,5;597,8157037;2,515344115;17,39012335;1503,712212
102;799,0163537;3,347967217;16,55418673;2675,080559;102;597,7835579;2,517399974;17,39162163;1504,860313
102,5;799,1770828;3,348995147;16,55720443;2676,440172;102,5;597,7835579;2,516372044;17,39012335;1504,245834
103;798,9842079;3,346939288;16,54966003;2674,151636;103;597,6549746;2,514316185;17,38263166;1502,693576
103,5;799,0163537;3,346939288;16,55569559;2674,259226;103,5;597,8157037;2,517399974;17,39461814;1504,941237
104;799,0484996;3,348995147;16,55116895;2676,009547;104;597,7514121;2,515344115;17,39461814;1503,550496
104,5;799,0484996;3,348995147;16,55569559;2676,009547;104,5;597,7835579;2,517399974;17,40360725;1504,860313
105;799,1127912;3,350023077;16,55569559;2677,046292;105;597,7835579;2,518427904;17,39761459;1505,474793
105,5;799,0484996;3,346939288;16,55871325;2674,366816;105,5;597,8799953;2,514316185;17,39911278;1503,259349
106;799,1127912;3,347967217;16,55871325;2675,403428;106;597,9764328;2,517399974;17,39611637;1505,345856
106,5;799,0806454;3,351051007;16,56173082;2677,760001;106,5;597,8157037;2,516372044;17,39461814;1504,326724
107;799,2092286;3,351051007;16,55871325;2678,19089;107;597,7835579;2,515344115;17,40360725;1503,631354
107,5;799,2413744;3,348995147;16,56927442;2676,655485;107,5;597,7835579;2,515344115;17,39911278;1503,631354
108;799,1127912;3,352078937;16,56173082;2678,689155;108;597,8478495;2,516372044;17,40510538;1504,407615
108,5;799,0163537;3,348995147;16,56625704;2675,901891;108,5;597,7514121;2,514316185;17,39761459;1502,93605
109;799,1770828;3,351051007;16,56625704;2678,083168;109;597,9442869;2,517399974;17,40210911;1505,264932
109,5;799,1127912;3,354134796;16,56927442;2680,332019;109,5;597,8799953;2,516372044;17,40810157;1504,488506
110;799,144937;3,350023077;16,56323958;2677,153981;110;597,7514121;2,515344115;17,40510538;1503,550496
110,5;799,0806454;3,347967217;16,56625704;2675,295805;110,5;597,7835579;2,516372044;17,40360725;1504,245834
111;799,1127912;3,351051007;16,57380033;2677,867723;111;597,8157037;2,517399974;17,41109768;1504,941237
111,5;799,144937;3,348995147;16,57681751;2676,332516;111,5;597,6871204;2,516372044;17,41109768;1504,003161
112;798,9842079;3,348995147;16,57078308;2675,794235;112;597,7835579;2,516372044;17,41259572;1504,245834
112,5;799,1127912;3,348995147;16,57380033;2676,22486;112,5;597,7514121;2,515344115;17,41409373;1503,550496
113;799,2092286;3,350023077;16,57229171;2677,369359;113;597,6871204;2,513288255;17,41858767;1502,16002
113,5;799,144937;3,350023077;16,57530893;2677,153981;113,5;597,7192662;2,516372044;17,41109768;1504,084052
114;799,1127912;3,351051007;16,57832607;2677,867723;114;597,6228288;2,516372044;17,41259572;1503,841379
114,5;799,144937;3,350023077;16,57229171;2677,153981;114,5;597,7835579;2,516372044;17,42158354;1504,245834
115;799,1770828;3,351051007;16,57229171;2678,083168;115;597,7835579;2,517399974;17,41858767;1504,860313
115,5;799,2413744;3,350023077;16,57681751;2677,477048;115,5;597,7192662;2,516372044;17,42008561;1504,084052
116;799,2413744;3,351051007;16,58586856;2678,298612;116;597,7835579;2,515344115;17,41858767;1503,631354
116,5;799,2092286;3,350023077;16,57983461;2677,369359;116,5;597,6871204;2,516372044;17,41858767;1504,003161
117;799,3056661;3,347967217;16,58134313;2676,049167;117;597,8157037;2,518427904;17,41858767;1505,55575
117,5;799,3378119;3,350023077;16,58134313;2677,800116;117,5;597,8157037;2,515344115;17,41708971;1503,712212
118;799,2092286;3,351051007;16,58134313;2678,19089;118;597,7514121;2,516372044;17,42158354;1504,164943
118,5;799,1770828;3,352078937;16,58586856;2678,904666;118,5;597,7835579;2,516372044;17,42008561;1504,245834
119;799,2413744;3,346939288;16,58285162;2675,012357;119;597,8157037;2,514316185;17,42457933;1503,097699
119,5;799,2735203;3,350023077;16,5843601;2677,584738;119,5;597,9442869;2,516372044;17,42457933;1504,650288
120;799,2092286;3,348995147;16,58586856;2676,547828;120;597,8157037;2,516372044;17,4260772;1504,326724
120,5;799,2092286;3,350023077;16,58285162;2677,369359;120,5;597,9121411;2,517399974;17,42907289;1505,184009
121;799,2735203;3,348995147;16,58888542;2676,763141;121;598,0085786;2,517399974;17,42158354;1505,42678
121,5;799,144937;3,348995147;16,59190219;2676,332516;121,5;597,8799953;2,514316185;17,4260772;1503,259349
122;799,2413744;3,348995147;16,59341055;2676,655485;122;598,0407244;2,517399974;17,4260772;1505,507704
122,5;799,2735203;3,352078937;16,59491889;2679,227932;122,5;597,8478495;2,516372044;17,42757506;1504,407615
123;799,2735203;3,348995147;16,59341055;2676,763141;123;597,9121411;2,515344115;17,42907289;1503,954785
123,5;799,1770828;3,347967217;16,59642721;2675,618674;123,5;597,8478495;2,515344115;17,43057071;1503,79307
124;799,2092286;3,350023077;16,59190219;2677,369359;124;597,8799953;2,516372044;17,4365618;1504,488506
124,5;799,1127912;3,350023077;16,59039381;2677,046292;124,5;597,8799953;2,517399974;17,43506406;1505,103085
125;799,2092286;3,352078937;16,59190219;2679,012421;125;597,7835579;2,515344115;17,43506406;1503,631354
125,5;799,1770828;3,350023077;16,59190219;2677,26167;125,5;597,8478495;2,517399974;17,43356629;1505,022161
126;799,144937;3,352078937;16,6039685;2678,796911;126;597,8478495;2,515344115;17,43356629;1503,79307
126,5;799,2092286;3,350023077;16,6039685;2677,369359;126,5;597,8157037;2,517399974;17,43506406;1504,941237
127;799,2413744;3,354134796;16,60246028;2680,763304;127;597,8157037;2,515344115;17,43506406;1503,712212
127,5;799,2092286;3,354134796;16,6054767;2680,655483;127,5;597,8799953;2,515344115;17,43506406;1503,873927
128;799,2413744;3,350023077;16,61000117;2677,477048;128;597,7835579;2,515344115;17,44105493;1503,631354
128,5;799,2413744;3,350023077;16,60246028;2677,477048;128,5;597,8799953;2,515344115;17,44105493;1503,873927
129;799,2092286;3,351051007;16,60849304;2678,19089;129;597,7835579;2,517399974;17,4365618;1504,860313
129,5;799,2735203;3,350023077;16,61452547;2677,584738;129,5;597,7835579;2,518427904;17,4365618;1505,474793
130;799,2413744;3,350023077;16,61301739;2677,477048;130;597,7514121;2,514316185;17,4455479;1502,93605
130,5;799,1770828;3,353106866;16,62055759;2679,726164;130,5;597,8157037;2,516372044;17,43955724;1504,326724
131;799,1770828;3,348995147;16,61150929;2676,440172;131;597,9764328;2,515344115;17,43955724;1504,116501
131,5;799,2092286;3,351051007;16,61452547;2678,19089;131,5;597,8478495;2,517399974;17,4455479;1505,022161
132;799,2092286;3,351051007;16,61301739;2678,19089;132;597,8799953;2,517399974;17,43955724;1505,103085
132,5;799,2092286;3,350023077;16,62055759;2677,369359;132,5;597,9442869;2,515344115;17,44405027;1504,035643
133;799,2413744;3,350023077;16,61301739;2677,477048;133;597,9764328;2,516372044;17,45153828;1504,731179
133,5;799,2735203;3,351051007;16,62206557;2678,406335;133,5;598,0085786;2,517399974;17,44704553;1505,42678
134;799,2413744;3,352078937;16,62658938;2679,120176;134;597,9121411;2,516372044;17,44255261;1504,569397
134,5;799,2092286;3,353106866;16,62508147;2679,833952;134,5;597,8478495;2,516372044;17,44255261;1504,407615
135;799,2092286;3,351051007;16,61754157;2678,19089;135;597,7514121;2,515344115;17,44854313;1503,550496
135,5;799,2092286;3,351051007;16,62658938;2678,19089;135,5;597,8157037;2,516372044;17,44704553;1504,326724
136;799,2413744;3,352078937;16,62206557;2679,120176;136;597,7192662;2,515344115;17,45153828;1503,469639
136,5;799,4021035;3,353106866;16,63412868;2680,480682;136,5;597,7835579;2,515344115;17,44704553;1503,631354
137;799,3056661;3,348995147;16,63714426;2676,870797;137;597,7835579;2,515344115;17,45153828;1503,631354
137,5;799,2735203;3,350023077;16,62960516;2677,584738;137,5;597,7192662;2,515344115;17,45153828;1503,469639
138;799,1770828;3,352078937;16,62960516;2678,904666;138;597,6549746;2,516372044;17,45453337;1503,92227
138,5;799,2735203;3,350023077;16,63412868;2677,584738;138,5;597,7514121;2,515344115;17,45752838;1503,550496
139;799,2735203;3,351051007;16,63111302;2678,406335;139;597,7192662;2,516372044;17,45303583;1504,084052
139,5;799,2735203;3,352078937;16,63262086;2679,227932;139,5;597,6549746;2,516372044;17,45153828;1503,92227
140;799,3378119;3,353106866;16,63865202;2680,265106;140;597,8478495;2,516372044;17,45752838;1504,407615
140,5;799,2413744;3,352078937;16,63714426;2679,120176;140,5;597,7514121;2,516372044;17,45752838;1504,164943
141;799,3056661;3,352078937;16,63412868;2679,335687;141;597,7514121;2,516372044;17,45752838;1504,164943
141,5;799,3699577;3,352078937;16,63865202;2679,551198;141,5;597,7514121;2,517399974;17,46202076;1504,779389
142;799,3056661;3,352078937;16,64468287;2679,335687;142;597,7514121;2,515344115;17,45902585;1503,550496
142,5;799,3378119;3,352078937;16,64468287;2679,443442;142,5;597,7835579;2,515344115;17,45752838;1503,631354
143;799,4342493;3,352078937;16,64769817;2679,766708;143;597,7835579;2,513288255;17,45902585;1502,402395
143,5;799,3378119;3,352078937;16,64317519;2679,443442;143,5;597,7514121;2,516372044;17,46351818;1504,164943
144;799,4342493;3,351051007;16,64619053;2678,944946;144;597,6549746;2,516372044;17,46501559;1503,92227
144,5;799,3699577;3,351051007;16,64769817;2678,729502;144,5;597,6871204;2,515344115;17,46052332;1503,388781
145;799,3378119;3,350023077;16,64166749;2677,800116;145;597,7514121;2,517399974;17,46052332;1504,779389
145,5;799,4663951;3,352078937;16,65222097;2679,874464;145,5;597,8157037;2,515344115;17,46801035;1503,712212
146;799,3056661;3,351051007;16,64619053;2678,514057;146;597,7192662;2,516372044;17,47100504;1504,084052
146,5;799,3056661;3,352078937;16,65222097;2679,335687;146,5;597,7192662;2,517399974;17,46801035;1504,698465
147;799,3056661;3,351051007;16,65372854;2678,514057;147;597,6549746;2,515344115;17,47250236;1503,307923
147,5;799,3056661;3,350023077;16,6567436;2677,692427;147,5;597,7192662;2,517399974;17,46801035;1504,698465
148;799,2092286;3,351051007;16,65222097;2678,19089;148;597,7192662;2,516372044;17,47399966;1504,084052
148,5;799,3056661;3,353106866;16,65372854;2680,157317;148,5;597,6871204;2,517399974;17,47549695;1504,617541
149;799,3056661;3,351051007;16,65372854;2678,514057;149;597,6871204;2,515344115;17,47250236;1503,388781
149,5;799,3699577;3,350023077;16,6582511;2677,907805;149,5;597,6228288;2,517399974;17,46801035;1504,455694
150;799,3056661;3,350023077;16,65975859;2677,692427;150;597,6871204;2,515344115;17,47549695;1503,388781
150,5;799,4021035;3,355162726;16,66126605;2682,124141;150,5;597,590683;2,513288255;17,47549695;1501,917645
151;799,3378119;3,354134796;16,6582511;2681,086769;151;597,590683;2,516372044;17,47100504;1503,760489
151,5;799,2735203;3,353106866;16,66277349;2680,049529;151,5;597,6228288;2,515344115;17,47399966;1503,227065
152;799,3056661;3,352078937;16,66578832;2679,335687;152;597,7192662;2,516372044;17,47549695;1504,084052
152,5;799,2735203;3,350023077;16,66880307;2677,584738;152,5;597,7192662;2,516372044;17,47998869;1504,084052
153;799,2735203;3,354134796;16,66277349;2680,871126;153;597,7192662;2,515344115;17,47399966;1503,469639
153,5;799,3378119;3,351051007;16,66578832;2678,621779;153,5;597,7514121;2,516372044;17,47998869;1504,164943
154;799,2413744;3,353106866;16,67332504;2679,94174;154;597,8157037;2,516372044;17,48747457;1504,326724
154,5;799,2735203;3,351051007;16,67332504;2678,406335;154,5;597,8799953;2,515344115;17,4829831;1503,873927
155;799,3699577;3,351051007;16,67784683;2678,729502;155;597,7514121;2,517399974;17,47998869;1504,779389
155,5;799,3378119;3,351051007;16,67633959;2678,621779;155,5;597,8799953;2,517399974;17,4904688;1505,103085
156;799,498541;3,352078937;16,66880307;2679,982219;156;597,9764328;2,516372044;17,48448027;1504,731179
156,5;799,3699577;3,353106866;16,67633959;2680,372894;156,5;597,9442869;2,516372044;17,4904688;1504,650288
157;799,4021035;3,353106866;16,68236845;2680,480682;157;597,8478495;2,514316185;17,4814859;1503,178524
157,5;799,4342493;3,353106866;16,68086126;2680,588471;157,5;597,8478495;2,516372044;17,48597743;1504,407615
158;799,2735203;3,350023077;16,67935406;2677,584738;158;597,8157037;2,516372044;17,4904688;1504,326724
158,5;799,4342493;3,353106866;16,68387561;2680,588471;158,5;597,8478495;2,516372044;17,49196589;1504,407615
159;799,4342493;3,351051007;16,68688989;2678,944946;159;597,9121411;2,516372044;17,49496001;1504,569397
159,5;799,3699577;3,354134796;16,68236845;2681,19459;159,5;597,8478495;2,517399974;17,49645705;1505,022161
160;799,3699577;3,354134796;16,69141115;2681,19459;160;597,8157037;2,515344115;17,49645705;1503,712212
160,5;799,3056661;3,350023077;16,68538276;2677,692427;160,5;597,9442869;2,516372044;17,49645705;1504,650288
161;799,3378119;3,353106866;16,68990408;2680,265106;161;597,8478495;2,517399974;17,50094804;1505,022161
161,5;799,3056661;3,351051007;16,68538276;2678,514057;161,5;597,9442869;2,516372044;17,50244501;1504,650288
162;799,2413744;3,354134796;16,69894619;2680,763304;162;597,8799953;2,515344115;17,49795406;1503,873927
162,5;799,3378119;3,353106866;16,6929182;2680,265106;162,5;597,7192662;2,517399974;17,50094804;1504,698465
163;799,2735203;3,351051007;16,70196007;2678,406335;163;597,8157037;2,515344115;17,50693579;1503,712212
163,5;799,3056661;3,350023077;16,69894619;2677,692427;163,5;597,9442869;2,516372044;17,50693579;1504,650288
164;799,2413744;3,351051007;16,69593223;2678,298612;164;597,7835579;2,516372044;17,50543888;1504,245834
164,5;799,2735203;3,351051007;16,70045314;2678,406335;164,5;597,6549746;2,517399974;17,50244501;1504,536618
165;799,2413744;3,352078937;16,70497387;2679,120176;165;597,8478495;2,516372044;17,50543888;1504,407615
165,5;799,3056661;3,350023077;16,70497387;2677,692427;165,5;597,8799953;2,518427904;17,50992956;1505,717663
166;799,4342493;3,353106866;16,70949442;2680,588471;166;597,8478495;2,517399974;17,50543888;1505,022161
166,5;799,3378119;3,353106866;16,70045314;2680,265106;166,5;597,7835579;2,515344115;17,50394195;1503,631354
167;799,2735203;3,350023077;16,71552154;2677,584738;167;597,7514121;2,516372044;17,51142642;1504,164943
167,5;799,3056661;3,353106866;16,71552154;2680,157317;167,5;597,6549746;2,517399974;17,51142642;1504,536618
168;799,2735203;3,355162726;16,71853499;2681,692723;168;597,7514121;2,516372044;17,50843269;1504,164943
168,5;799,4342493;3,353106866;16,71702828;2680,588471;168,5;597,7514121;2,517399974;17,50543888;1504,779389
169;799,4342493;3,351051007;16,71401479;2678,944946;169;597,8478495;2,517399974;17,51442008;1505,022161
169,5;799,4021035;3,355162726;16,72004168;2682,124141;169,5;597,8478495;2,516372044;17,51591689;1504,407615
170;799,4021035;3,354134796;16,71702828;2681,302411;170;597,7835579;2,517399974;17,51891044;1504,860313
170,5;799,6271242;3,358246515;16,72456164;2685,345003;170,5;597,7192662;2,515344115;17,51741367;1503,469639
171;799,5306868;3,351051007;16,71552154;2679,268113;171;597,7514121;2,517399974;17,50992956;1504,779389
171,5;799,4342493;3,352078937;16,72004168;2679,766708;171,5;597,7835579;2,516372044;17,51292326;1504,245834
172;799,5949784;3,355162726;16,73661401;2682,771267;172;597,7835579;2,514316185;17,51142642;1503,016875
172,5;799,5306868;3,355162726;16,72908143;2682,555558;172,5;597,6549746;2,517399974;17,52040719;1504,536618
173;799,5306868;3,354134796;16,73058798;2681,733697;173;597,6871204;2,516372044;17,51891044;1504,003161
173,5;799,4342493;3,353106866;16,73360103;2680,588471;173,5;597,8478495;2,516372044;17,52040719;1504,407615
174;799,4663951;3,352078937;16,73209452;2679,874464;174;597,7835579;2,518427904;17,52190393;1505,474793
174,5;799,4342493;3,352078937;16,73661401;2679,766708;174,5;597,6871204;2,516372044;17,52040719;1504,003161
175;799,498541;3,354134796;16,7396269;2681,625876;175;597,7514121;2,517399974;17,52489734;1504,779389
175,5;799,4663951;3,353106866;16,74263972;2680,696259;175,5;597,8799953;2,516372044;17,53238057;1504,488506
176;799,4021035;3,355162726;16,73812046;2682,124141;176;597,7835579;2,517399974;17,52639403;1504,860313
176,5;799,4342493;3,355162726;16,74565246;2682,231995;176,5;597,7192662;2,516372044;17,52340065;1504,084052
177;799,4663951;3,356190656;16,74263972;2683,161645;177;597,7835579;2,517399974;17,53088396;1504,860313
177,5;799,4342493;3,354134796;16,74263972;2681,410233;177,5;597,7835579;2,517399974;17,52938733;1504,860313
178;799,5306868;3,352078937;16,7471588;2680,089974;178;597,6871204;2,516372044;17,52789069;1504,003161
178,5;799,4663951;3,352078937;16,75017142;2679,874464;178,5;597,7835579;2,516372044;17,52639403;1504,245834
179;799,498541;3,354134796;16,74263972;2681,625876;179;597,8478495;2,516372044;17,53238057;1504,407615
179,5;799,4342493;3,354134796;16,7546902;2681,410233;179,5;597,8157037;2,517399974;17,52489734;1504,941237
180;799,4342493;3,354134796;16,7516777;2681,410233;180;597,7514121;2,516372044;17,53088396;1504,164943
180,5;799,4342493;3,353106866;16,7471588;2680,588471;180,5;597,7835579;2,516372044;17,52639403;1504,245834
181;799,4021035;3,354134796;16,7546902;2681,302411;181;597,8157037;2,516372044;17,5368703;1504,326724
181,5;799,4021035;3,354134796;16,75619642;2681,302411;181,5;597,7514121;2,516372044;17,53238057;1504,164943
182;799,3056661;3,353106866;16,75920881;2680,157317;182;597,6549746;2,514316185;17,53238057;1502,693576
182,5;799,4342493;3,353106866;16,76372724;2680,588471;182,5;597,6871204;2,517399974;17,53088396;1504,617541
183;799,4342493;3,355162726;16,76222112;2682,231995;183;597,7192662;2,517399974;17,54135987;1504,698465
183,5;799,4342493;3,354134796;16,76673943;2681,410233;183,5;597,7835579;2,515344115;17,54135987;1503,631354
184;799,4021035;3,355162726;16,76372724;2682,124141;184;597,7514121;2,516372044;17,53387717;1504,164943
184,5;799,4021035;3,352078937;16,76222112;2679,658953;184,5;597,7835579;2,518427904;17,5368703;1505,474793
185;799,4021035;3,353106866;16,76523335;2680,480682;185;597,8478495;2,517399974;17,53836684;1505,022161
185,5;799,3056661;3,354134796;16,76523335;2680,978947;185,5;597,9121411;2,518427904;17,54285635;1505,79862
186;799,4342493;3,353106866;16,76523335;2680,588471;186;597,8478495;2,516372044;17,54734571;1504,407615
186,5;799,3378119;3,353106866;16,76975154;2680,265106;186,5;597,8799953;2,518427904;17,54435282;1505,717663
187;799,4021035;3,350023077;16,76673943;2678,015495;187;597,9121411;2,517399974;17,53836684;1505,184009
187,5;799,4021035;3,353106866;16,76975154;2680,480682;187,5;597,9121411;2,518427904;17,54435282;1505,79862
188;799,4342493;3,355162726;16,77125757;2682,231995;188;597,8157037;2,515344115;17,54435282;1503,712212
188,5;799,3378119;3,354134796;16,77577553;2681,086769;188,5;597,7835579;2,517399974;17,54435282;1504,860313
189;799,3056661;3,353106866;16,76975154;2680,157317;189;597,7835579;2,518427904;17,54734571;1505,474793
189,5;799,3378119;3,355162726;16,77728148;2681,908432;189,5;597,7514121;2,517399974;17,54584928;1504,779389
190;799,3056661;3,353106866;16,78481093;2680,157317;190;597,8157037;2,519455834;17,54584928;1506,170262
190,5;799,4342493;3,353106866;16,77276358;2680,588471;190,5;597,8157037;2,516372044;17,54884213;1504,326724
191;799,3699577;3,353106866;16,78029332;2680,372894;191;597,7835579;2,516372044;17,55183491;1504,245834
191,5;799,4021035;3,355162726;16,77878741;2682,124141;191,5;597,6549746;2,517399974;17,55183491;1504,536618
192;799,3378119;3,355162726;16,78179921;2681,908432;192;597,6228288;2,516372044;17,55333127;1503,841379
192,5;799,4342493;3,353106866;16,78631676;2680,588471;192,5;597,7835579;2,516372044;17,55632395;1504,245834
193;799,4342493;3,353106866;16,78330508;2680,588471;193;597,7192662;2,515344115;17,55333127;1503,469639
193,5;799,4021035;3,352078937;16,79384563;2679,658953;193,5;597,7514121;2,513288255;17,55632395;1502,321603
194;799,3699577;3,353106866;16,78481093;2680,372894;194;597,7514121;2,521511693;17,55183491;1507,237175
194,5;799,3056661;3,354134796;16,78932837;2680,978947;194,5;597,9442869;2,516372044;17,55482762;1504,650288
195;799,3056661;3,354134796;16,79233989;2680,978947;195;597,8478495;2,516372044;17,55931655;1504,407615
195,5;799,3056661;3,353106866;16,79384563;2680,157317;195,5;597,8799953;2,516372044;17,55782026;1504,488506
196;799,2735203;3,353106866;16,79384563;2680,049529;196;597,7514121;2,517399974;17,55632395;1504,779389
196,5;799,3699577;3,354134796;16,79233989;2681,19459;196,5;597,8478495;2,516372044;17,55632395;1504,407615
197;799,3699577;3,355162726;16,79836271;2682,016286;197;597,7514121;2,516372044;17,55632395;1504,164943
197,5;799,4663951;3,353106866;16,79836271;2680,696259;197,5;597,7835579;2,518427904;17,55931655;1505,474793
198;799,4663951;3,353106866;16,79384563;2680,696259;198;597,7835579;2,517399974;17,55931655;1504,860313
198,5;799,5306868;3,353106866;16,80137401;2680,911836;198,5;597,7514121;2,517399974;17,55782026;1504,779389
199;799,4663951;3,353106866;16,8058908;2680,696259;199;597,7192662;2,517399974;17,55782026;1504,698465
199,5;799,4021035;3,354134796;16,8058908;2681,302411;199,5;597,8157037;2,517399974;17,56380533;1504,941237
200;799,4663951;3,354134796;16,8058908;2681,518054;200;597,7835579;2,517399974;17,56380533;1504,860313
